{
    "name": "mingen:minhold/tunnels",
    "fallback": "mingen:minhold/fallback_tunnels",
    "elements": [
        {
            "weight": 4,
            "element": {
                "location": "mingen:minhold/tunnels/straight",
                "processors": "minecraft:empty",
                "projection": "rigid",
                "element_type": "minecraft:single_pool_element"
            }
        },
        {
            "weight": 1,
            "element": {
                "location": "mingen:minhold/tunnels/straight_cobweb",
                "processors": "minecraft:empty",
                "projection": "rigid",
                "element_type": "minecraft:single_pool_element"
            }
        },
        {
            "weight": 1,
            "element": {
                "location": "mingen:minhold/tunnels/curved",
                "processors": "minecraft:empty",
                "projection": "rigid",
                "element_type": "minecraft:single_pool_element"
            }
        },
        {
            "weight": 3,
            "element": {
                "location": "mingen:minhold/tunnels/t_shape",
                "processors": "minecraft:empty",
                "projection": "rigid",
                "element_type": "minecraft:single_pool_element"
            }
        },
        {
            "weight": 16,
            "element": {
                "location": "mingen:minhold/tunnels/building_entrance",
                "processors": "minecraft:empty",
                "projection": "rigid",
                "element_type": "minecraft:single_pool_element"
            }
        }
    ]
}