{
	"textures": {
		"0": "animated_java:blueprint/fabricator/fabricator",
		"particle": "minecraft:item/pufferfish"
	},
	"display": {
		"head": {
			"rotation": [0, 180, 0]
		}
	},
	"elements": [
		{
			"from": [3.84615, 28.76923, 9.38462],
			"to": [5.69231, 31.53846, 11.23077],
			"rotation": {
				"angle": 0,
				"axis": "y",
				"origin": [8, 8, 8]
			},
			"faces": {
				"north": {
					"uv": [0, 7.25, 0.25, 7.625],
					"texture": "#0"
				},
				"east": {
					"uv": [0.25, 7.25, 0.5, 7.625],
					"texture": "#0"
				},
				"south": {
					"uv": [0.5, 7.25, 0.75, 7.625],
					"texture": "#0"
				},
				"west": {
					"uv": [0.75, 7.25, 1, 7.625],
					"texture": "#0"
				},
				"up": {
					"uv": [2.875, 7.625, 2.625, 7.375],
					"texture": "#0"
				},
				"down": {
					"uv": [7.625, 4.25, 7.375, 4.5],
					"texture": "#0"
				}
			}
		},
		{
			"from": [4.07692, 31.53846, 9.61538],
			"to": [5.46154, 32, 11],
			"rotation": {
				"angle": 0,
				"axis": "y",
				"origin": [8, 8, 8]
			},
			"faces": {
				"north": {
					"uv": [7.25, 4.75, 7.5, 4.875],
					"texture": "#0"
				},
				"east": {
					"uv": [7.5, 4.75, 7.75, 4.875],
					"texture": "#0"
				},
				"south": {
					"uv": [7.625, 3.375, 7.875, 3.5],
					"texture": "#0"
				},
				"west": {
					"uv": [7.625, 3.5, 7.875, 3.625],
					"texture": "#0"
				},
				"up": {
					"uv": [7.625, 4.75, 7.375, 4.5],
					"texture": "#0"
				},
				"down": {
					"uv": [7.625, 7.125, 7.375, 7.375],
					"texture": "#0"
				}
			}
		},
		{
			"from": [4.30769, 27.84615, 9.84615],
			"to": [5.23077, 28.76923, 10.76923],
			"rotation": {
				"angle": 0,
				"axis": "y",
				"origin": [8, 8, 8]
			},
			"faces": {
				"north": {
					"uv": [7.75, 1.5, 7.875, 1.625],
					"texture": "#0"
				},
				"east": {
					"uv": [7.75, 1.625, 7.875, 1.75],
					"texture": "#0"
				},
				"south": {
					"uv": [7.75, 1.75, 7.875, 1.875],
					"texture": "#0"
				},
				"west": {
					"uv": [7.75, 1.875, 7.875, 2],
					"texture": "#0"
				},
				"up": {
					"uv": [2.25, 7.875, 2.125, 7.75],
					"texture": "#0"
				},
				"down": {
					"uv": [2.375, 7.75, 2.25, 7.875],
					"texture": "#0"
				}
			}
		}
	]
}