{
	"credit": "Made with Blockbench",
	"texture_size": [128, 128],
	"textures": {
		"1": "expansion:blocks/fabricator/fabricator",
		"particle": "expansion:blocks/fabricator/fabricator"
	},
	"elements": [
		{
			"from": [0, -2, 0],
			"to": [16, 14, 16],
			"rotation": {"angle": 0, "axis": "y", "origin": [8, -2, 8]},
			"faces": {
				"north": {"uv": [0, 0, 2, 2], "texture": "#1"},
				"east": {"uv": [0, 2, 2, 4], "texture": "#1"},
				"south": {"uv": [2, 0, 4, 2], "texture": "#1"},
				"west": {"uv": [2, 2, 4, 4], "texture": "#1"},
				"up": {"uv": [2, 6, 0, 4], "texture": "#1"},
				"down": {"uv": [6, 0, 4, 2], "texture": "#1"}
			}
		},
		{
			"from": [1, 14, 1],
			"to": [15, 15, 15],
			"rotation": {"angle": 0, "axis": "y", "origin": [8, -2, 8]},
			"faces": {
				"north": {"uv": [6.5, 6.5, 8.25, 6.625], "texture": "#1"},
				"east": {"uv": [6.5, 6.625, 8.25, 6.75], "texture": "#1"},
				"south": {"uv": [1.75, 6.75, 3.5, 6.875], "texture": "#1"},
				"west": {"uv": [6.75, 2, 8.5, 2.125], "texture": "#1"},
				"up": {"uv": [3.75, 5.75, 2, 4], "texture": "#1"},
				"down": {"uv": [5.75, 2, 4, 3.75], "texture": "#1"}
			}
		},
		{
			"from": [2, 14, 15],
			"to": [14, 18, 16],
			"rotation": {"angle": 0, "axis": "y", "origin": [8, -2, 8]},
			"faces": {
				"north": {"uv": [6, 0, 7.5, 0.5], "texture": "#1"},
				"east": {"uv": [7.375, 7.375, 7.5, 7.875], "texture": "#1"},
				"south": {"uv": [6, 0.5, 7.5, 1], "texture": "#1"},
				"west": {"uv": [7.5, 0, 7.625, 0.5], "texture": "#1"},
				"up": {"uv": [8.25, 5.25, 6.75, 5.125], "texture": "#1"},
				"down": {"uv": [6.75, 6.75, 5.25, 6.875], "texture": "#1"}
			}
		},
		{
			"from": [6, 15, 14],
			"to": [7, 30, 15],
			"rotation": {"angle": 0, "axis": "y", "origin": [8, -2, 8]},
			"faces": {
				"north": {"uv": [1.25, 6, 1.375, 7.875], "texture": "#1"},
				"east": {"uv": [1.375, 6, 1.5, 7.875], "texture": "#1"},
				"south": {"uv": [1.5, 6, 1.625, 7.875], "texture": "#1"},
				"west": {"uv": [1.625, 6, 1.75, 7.875], "texture": "#1"},
				"up": {"uv": [7.875, 0.875, 7.75, 0.75], "texture": "#1"},
				"down": {"uv": [7.875, 0.875, 7.75, 1], "texture": "#1"}
			}
		},
		{
			"from": [0, 14, 12],
			"to": [1, 16, 16],
			"rotation": {"angle": 0, "axis": "y", "origin": [8, -2, 8]},
			"faces": {
				"north": {"uv": [7.5, 2.875, 7.625, 3.125], "texture": "#1"},
				"east": {"uv": [3, 6.5, 3.5, 6.75], "texture": "#1"},
				"south": {"uv": [7.5, 3.125, 7.625, 3.375], "texture": "#1"},
				"west": {"uv": [0, 7, 0.5, 7.25], "texture": "#1"},
				"up": {"uv": [7.375, 1.5, 7.25, 1], "texture": "#1"},
				"down": {"uv": [7.375, 1.5, 7.25, 2], "texture": "#1"}
			}
		},
		{
			"from": [0.56066, 15.35355, 12],
			"to": [1.56066, 16.85355, 16],
			"rotation": {"angle": -45, "axis": "z", "origin": [1.06066, 16.35355, 14]},
			"faces": {
				"north": {"uv": [4.625, 7.5, 4.75, 7.75], "texture": "#1"},
				"east": {"uv": [0.5, 7, 1, 7.25], "texture": "#1"},
				"south": {"uv": [4.75, 7.5, 4.875, 7.75], "texture": "#1"},
				"west": {"uv": [2.125, 7, 2.625, 7.25], "texture": "#1"},
				"up": {"uv": [3, 7.75, 2.875, 7.25], "texture": "#1"},
				"down": {"uv": [3.125, 7.25, 3, 7.75], "texture": "#1"}
			}
		},
		{
			"from": [1, 14, 12],
			"to": [2, 30, 16],
			"rotation": {"angle": 0, "axis": "y", "origin": [8, -2, 8]},
			"faces": {
				"north": {"uv": [3.5, 5.75, 3.625, 7.75], "texture": "#1"},
				"east": {"uv": [5.25, 3.75, 5.75, 5.75], "texture": "#1"},
				"south": {"uv": [3.625, 5.75, 3.75, 7.75], "texture": "#1"},
				"west": {"uv": [3.75, 5.5, 4.25, 7.5], "texture": "#1"},
				"up": {"uv": [2.25, 7.75, 2.125, 7.25], "texture": "#1"},
				"down": {"uv": [2.375, 7.25, 2.25, 7.75], "texture": "#1"}
			}
		},
		{
			"from": [1, 24, 10],
			"to": [2, 30, 12],
			"rotation": {"angle": 0, "axis": "y", "origin": [8, -2, 8]},
			"faces": {
				"north": {"uv": [6.625, 6.875, 6.75, 7.625], "texture": "#1"},
				"east": {"uv": [1.75, 6, 2, 6.75], "texture": "#1"},
				"south": {"uv": [3.125, 7, 3.25, 7.75], "texture": "#1"},
				"west": {"uv": [6.75, 2.875, 7, 3.625], "texture": "#1"},
				"up": {"uv": [7.625, 3.625, 7.5, 3.375], "texture": "#1"},
				"down": {"uv": [3.875, 7.5, 3.75, 7.75], "texture": "#1"}
			}
		},
		{
			"from": [1, 22.58579, 11.82843],
			"to": [2, 25.58579, 13.32843],
			"rotation": {"angle": -45, "axis": "x", "origin": [1.5, 22.58579, 12.82843]},
			"faces": {
				"north": {"uv": [7.5, 0.5, 7.625, 0.875], "texture": "#1"},
				"east": {"uv": [7, 4.125, 7.25, 4.5], "texture": "#1"},
				"south": {"uv": [7.5, 0.875, 7.625, 1.25], "texture": "#1"},
				"west": {"uv": [7, 4.5, 7.25, 4.875], "texture": "#1"},
				"up": {"uv": [5, 7.75, 4.875, 7.5], "texture": "#1"},
				"down": {"uv": [5.125, 7.5, 5, 7.75], "texture": "#1"}
			}
		},
		{
			"from": [2, 30, 10],
			"to": [14, 31, 16],
			"rotation": {"angle": 0, "axis": "y", "origin": [8, -2, 8]},
			"faces": {
				"north": {"uv": [6.75, 2.625, 8.25, 2.75], "texture": "#1"},
				"east": {"uv": [7, 3.625, 7.75, 3.75], "texture": "#1"},
				"south": {"uv": [6.75, 2.75, 8.25, 2.875], "texture": "#1"},
				"west": {"uv": [7, 3.75, 7.75, 3.875], "texture": "#1"},
				"up": {"uv": [5.25, 4.75, 3.75, 4], "texture": "#1"},
				"down": {"uv": [5.25, 4.75, 3.75, 5.5], "texture": "#1"}
			}
		},
		{
			"from": [1.06067, 29.85356, 10],
			"to": [2.47487, 30.85356, 16],
			"rotation": {"angle": 45, "axis": "z", "origin": [2.06067, 30.35356, 13]},
			"faces": {
				"north": {"uv": [7.625, 4.25, 7.75, 4.375], "texture": "#1"},
				"east": {"uv": [7, 4.875, 7.75, 5], "texture": "#1"},
				"south": {"uv": [7.625, 4.375, 7.75, 4.5], "texture": "#1"},
				"west": {"uv": [7, 5, 7.75, 5.125], "texture": "#1"},
				"up": {"uv": [3.375, 7.75, 3.25, 7], "texture": "#1"},
				"down": {"uv": [5.375, 7, 5.25, 7.75], "texture": "#1"}
			}
		},
		{
			"from": [1, 13.85356, 0.06067],
			"to": [15, 14.85356, 1.47487],
			"rotation": {"angle": -45, "axis": "x", "origin": [-6, 14.35356, 1.06067]},
			"faces": {
				"north": {"uv": [6.75, 2.125, 8.5, 2.25], "texture": "#1"},
				"east": {"uv": [7.75, 0.5, 7.875, 0.625], "texture": "#1"},
				"south": {"uv": [6.75, 2.25, 8.5, 2.375], "texture": "#1"},
				"west": {"uv": [7.75, 0.625, 7.875, 0.75], "texture": "#1"},
				"up": {"uv": [8.5, 2.5, 6.75, 2.375], "texture": "#1"},
				"down": {"uv": [8.5, 2.5, 6.75, 2.625], "texture": "#1"}
			}
		},
		{
			"from": [6, 29, 10],
			"to": [10, 30, 16],
			"rotation": {"angle": 0, "axis": "y", "origin": [8, -2, 8]},
			"faces": {
				"north": {"uv": [2.375, 7.25, 2.875, 7.375], "texture": "#1"},
				"east": {"uv": [7, 3.875, 7.75, 4], "texture": "#1"},
				"south": {"uv": [7.25, 4.125, 7.75, 4.25], "texture": "#1"},
				"west": {"uv": [7, 4, 7.75, 4.125], "texture": "#1"},
				"up": {"uv": [3.5, 6.5, 3, 5.75], "texture": "#1"},
				"down": {"uv": [5.75, 5.75, 5.25, 6.5], "texture": "#1"}
			}
		},
		{
			"from": [5.20712, 29.49999, 10],
			"to": [6.62132, 30.49999, 16],
			"rotation": {"angle": -45, "axis": "z", "origin": [5.70712, 29.99999, 13]},
			"faces": {
				"north": {"uv": [7.625, 7.5, 7.75, 7.625], "texture": "#1"},
				"east": {"uv": [5.375, 7, 6.125, 7.125], "texture": "#1"},
				"south": {"uv": [7.625, 7.625, 7.75, 7.75], "texture": "#1"},
				"west": {"uv": [7, 6, 7.75, 6.125], "texture": "#1"},
				"up": {"uv": [6.25, 7.75, 6.125, 7], "texture": "#1"},
				"down": {"uv": [6.375, 7, 6.25, 7.75], "texture": "#1"}
			}
		},
		{
			"from": [15, 14, 12],
			"to": [16, 16, 16],
			"rotation": {"angle": 0, "axis": "y", "origin": [8, -2, 8]},
			"faces": {
				"north": {"uv": [7.625, 2.875, 7.75, 3.125], "texture": "#1"},
				"east": {"uv": [7, 3.125, 7.5, 3.375], "texture": "#1"},
				"south": {"uv": [7.625, 3.125, 7.75, 3.375], "texture": "#1"},
				"west": {"uv": [7, 3.375, 7.5, 3.625], "texture": "#1"},
				"up": {"uv": [2.5, 7.875, 2.375, 7.375], "texture": "#1"},
				"down": {"uv": [2.625, 7.375, 2.5, 7.875], "texture": "#1"}
			}
		},
		{
			"from": [14.43934, 15.35355, 12],
			"to": [15.43934, 16.85355, 16],
			"rotation": {"angle": 45, "axis": "z", "origin": [14.93934, 16.35355, 14]},
			"faces": {
				"north": {"uv": [2.625, 7.625, 2.75, 7.875], "texture": "#1"},
				"east": {"uv": [2.625, 7, 3.125, 7.25], "texture": "#1"},
				"south": {"uv": [2.75, 7.625, 2.875, 7.875], "texture": "#1"},
				"west": {"uv": [7, 2.875, 7.5, 3.125], "texture": "#1"},
				"up": {"uv": [7.5, 1.5, 7.375, 1], "texture": "#1"},
				"down": {"uv": [7.5, 1.5, 7.375, 2], "texture": "#1"}
			}
		},
		{
			"from": [14, 14, 12],
			"to": [15, 30, 16],
			"rotation": {"angle": 0, "axis": "y", "origin": [8, -2, 8]},
			"faces": {
				"north": {"uv": [1, 6, 1.125, 8], "texture": "#1"},
				"east": {"uv": [4.25, 5.5, 4.75, 7.5], "texture": "#1"},
				"south": {"uv": [1.125, 6, 1.25, 8], "texture": "#1"},
				"west": {"uv": [4.75, 5.5, 5.25, 7.5], "texture": "#1"},
				"up": {"uv": [7.375, 4.75, 7.25, 4.25], "texture": "#1"},
				"down": {"uv": [7.375, 7.125, 7.25, 7.625], "texture": "#1"}
			}
		},
		{
			"from": [14, 24, 10],
			"to": [15, 30, 12],
			"rotation": {"angle": 0, "axis": "y", "origin": [8, -2, 8]},
			"faces": {
				"north": {"uv": [7, 7.125, 7.125, 7.875], "texture": "#1"},
				"east": {"uv": [6.75, 3.625, 7, 4.375], "texture": "#1"},
				"south": {"uv": [7.125, 7.125, 7.25, 7.875], "texture": "#1"},
				"west": {"uv": [6.75, 4.375, 7, 5.125], "texture": "#1"},
				"up": {"uv": [7.75, 1.75, 7.625, 1.5], "texture": "#1"},
				"down": {"uv": [7.75, 1.75, 7.625, 2], "texture": "#1"}
			}
		},
		{
			"from": [14, 22.58579, 11.82843],
			"to": [15, 25.58579, 13.32843],
			"rotation": {"angle": -45, "axis": "x", "origin": [14.5, 22.58579, 12.82843]},
			"faces": {
				"north": {"uv": [7.5, 1.25, 7.625, 1.625], "texture": "#1"},
				"east": {"uv": [5.625, 7.125, 5.875, 7.5], "texture": "#1"},
				"south": {"uv": [7.5, 1.625, 7.625, 2], "texture": "#1"},
				"west": {"uv": [5.875, 7.125, 6.125, 7.5], "texture": "#1"},
				"up": {"uv": [7.75, 1.25, 7.625, 1], "texture": "#1"},
				"down": {"uv": [7.75, 1.25, 7.625, 1.5], "texture": "#1"}
			}
		},
		{
			"from": [13.52513, 29.85356, 10],
			"to": [14.93933, 30.85356, 16],
			"rotation": {"angle": -45, "axis": "z", "origin": [13.93933, 30.35356, 13]},
			"faces": {
				"north": {"uv": [7.75, 0.25, 7.875, 0.375], "texture": "#1"},
				"east": {"uv": [7, 6.375, 7.75, 6.5], "texture": "#1"},
				"south": {"uv": [7.75, 0.375, 7.875, 0.5], "texture": "#1"},
				"west": {"uv": [7, 7, 7.75, 7.125], "texture": "#1"},
				"up": {"uv": [5.5, 7.875, 5.375, 7.125], "texture": "#1"},
				"down": {"uv": [5.625, 7.125, 5.5, 7.875], "texture": "#1"}
			}
		},
		{
			"from": [9.37868, 29.49999, 10],
			"to": [10.79288, 30.49999, 16],
			"rotation": {"angle": 45, "axis": "z", "origin": [10.29288, 29.99999, 13]},
			"faces": {
				"north": {"uv": [7.75, 0, 7.875, 0.125], "texture": "#1"},
				"east": {"uv": [7, 6.125, 7.75, 6.25], "texture": "#1"},
				"south": {"uv": [7.75, 0.125, 7.875, 0.25], "texture": "#1"},
				"west": {"uv": [7, 6.25, 7.75, 6.375], "texture": "#1"},
				"up": {"uv": [6.5, 7.75, 6.375, 7], "texture": "#1"},
				"down": {"uv": [7, 7, 6.875, 7.75], "texture": "#1"}
			}
		},
		{
			"from": [4, 26.5, 3],
			"to": [5, 27.5, 13],
			"rotation": {"angle": 0, "axis": "y", "origin": [8, 3, 8]},
			"faces": {
				"north": {"uv": [7.75, 1.25, 7.875, 1.375], "texture": "#1"},
				"east": {"uv": [6.875, 6.75, 8.125, 6.875], "texture": "#1"},
				"south": {"uv": [7.75, 1.375, 7.875, 1.5], "texture": "#1"},
				"west": {"uv": [6.875, 6.875, 8.125, 7], "texture": "#1"},
				"up": {"uv": [3.5, 8.125, 3.375, 6.875], "texture": "#1"},
				"down": {"uv": [6.625, 6.875, 6.5, 8.125], "texture": "#1"}
			}
		},
		{
			"from": [3, 26.5, 11],
			"to": [13, 27.5, 12],
			"rotation": {"angle": 0, "axis": "y", "origin": [8, 3, 8]},
			"faces": {
				"north": {"uv": [6.75, 5.75, 8, 5.875], "texture": "#1"},
				"east": {"uv": [7.75, 1, 7.875, 1.125], "texture": "#1"},
				"south": {"uv": [6.75, 5.875, 8, 6], "texture": "#1"},
				"west": {"uv": [7.75, 1.125, 7.875, 1.25], "texture": "#1"},
				"up": {"uv": [3.375, 7, 2.125, 6.875], "texture": "#1"},
				"down": {"uv": [6.5, 6.875, 5.25, 7], "texture": "#1"}
			}
		},
		{
			"from": [3.5, 25.5, 10.5],
			"to": [5.5, 28.5, 12.5],
			"rotation": {"angle": 0, "axis": "y", "origin": [8, 3, 9]},
			"faces": {
				"north": {"uv": [0, 7.25, 0.25, 7.625], "texture": "#1"},
				"east": {"uv": [0.25, 7.25, 0.5, 7.625], "texture": "#1"},
				"south": {"uv": [0.5, 7.25, 0.75, 7.625], "texture": "#1"},
				"west": {"uv": [0.75, 7.25, 1, 7.625], "texture": "#1"},
				"up": {"uv": [2.875, 7.625, 2.625, 7.375], "texture": "#1"},
				"down": {"uv": [7.625, 4.25, 7.375, 4.5], "texture": "#1"}
			}
		},
		{
			"from": [3.75, 28.5, 10.75],
			"to": [5.25, 29, 12.25],
			"rotation": {"angle": 0, "axis": "y", "origin": [8, 3, 9]},
			"faces": {
				"north": {"uv": [7.25, 4.75, 7.5, 4.875], "texture": "#1"},
				"east": {"uv": [7.5, 4.75, 7.75, 4.875], "texture": "#1"},
				"south": {"uv": [7.625, 3.375, 7.875, 3.5], "texture": "#1"},
				"west": {"uv": [7.625, 3.5, 7.875, 3.625], "texture": "#1"},
				"up": {"uv": [7.625, 4.75, 7.375, 4.5], "texture": "#1"},
				"down": {"uv": [7.625, 7.125, 7.375, 7.375], "texture": "#1"}
			}
		},
		{
			"from": [4, 24.5, 11],
			"to": [5, 25.5, 12],
			"rotation": {"angle": 0, "axis": "y", "origin": [8, 3, 9]},
			"faces": {
				"north": {"uv": [7.75, 1.5, 7.875, 1.625], "texture": "#1"},
				"east": {"uv": [7.75, 1.625, 7.875, 1.75], "texture": "#1"},
				"south": {"uv": [7.75, 1.75, 7.875, 1.875], "texture": "#1"},
				"west": {"uv": [7.75, 1.875, 7.875, 2], "texture": "#1"},
				"up": {"uv": [2.25, 7.875, 2.125, 7.75], "texture": "#1"},
				"down": {"uv": [2.375, 7.75, 2.25, 7.875], "texture": "#1"}
			}
		},
		{
			"from": [2.49999, 26, 2.20712],
			"to": [3.49999, 28, 3.62132],
			"rotation": {"angle": -45, "axis": "y", "origin": [2.99999, 27, 2.70712]},
			"faces": {
				"north": {"uv": [5.125, 7.5, 5.25, 7.75], "texture": "#1"},
				"east": {"uv": [5.625, 7.5, 5.75, 7.75], "texture": "#1"},
				"south": {"uv": [5.75, 7.5, 5.875, 7.75], "texture": "#1"},
				"west": {"uv": [5.875, 7.5, 6, 7.75], "texture": "#1"},
				"up": {"uv": [7.75, 4.625, 7.625, 4.5], "texture": "#1"},
				"down": {"uv": [7.75, 4.625, 7.625, 4.75], "texture": "#1"}
			}
		},
		{
			"from": [3, 26, 2],
			"to": [13, 28, 3],
			"rotation": {"angle": 0, "axis": "y", "origin": [8, 3, 8]},
			"faces": {
				"north": {"uv": [4, 3.75, 5.25, 4], "texture": "#1"},
				"east": {"uv": [3.875, 7.5, 4, 7.75], "texture": "#1"},
				"south": {"uv": [6, 1, 7.25, 1.25], "texture": "#1"},
				"west": {"uv": [4, 7.5, 4.125, 7.75], "texture": "#1"},
				"up": {"uv": [8, 5.375, 6.75, 5.25], "texture": "#1"},
				"down": {"uv": [8, 5.375, 6.75, 5.5], "texture": "#1"}
			}
		},
		{
			"from": [2, 26, 3],
			"to": [3, 28, 13],
			"rotation": {"angle": 0, "axis": "y", "origin": [8, 3, 8]},
			"faces": {
				"north": {"uv": [4.125, 7.5, 4.25, 7.75], "texture": "#1"},
				"east": {"uv": [6, 1.25, 7.25, 1.5], "texture": "#1"},
				"south": {"uv": [4.25, 7.5, 4.375, 7.75], "texture": "#1"},
				"west": {"uv": [6, 1.5, 7.25, 1.75], "texture": "#1"},
				"up": {"uv": [6.875, 8, 6.75, 6.75], "texture": "#1"},
				"down": {"uv": [1.875, 6.875, 1.75, 8.125], "texture": "#1"}
			}
		},
		{
			"from": [3, 26, 13],
			"to": [13, 28, 14],
			"rotation": {"angle": 0, "axis": "y", "origin": [8, 3, 8]},
			"faces": {
				"north": {"uv": [6, 1.75, 7.25, 2], "texture": "#1"},
				"east": {"uv": [4.375, 7.5, 4.5, 7.75], "texture": "#1"},
				"south": {"uv": [5.75, 6, 7, 6.25], "texture": "#1"},
				"west": {"uv": [4.5, 7.5, 4.625, 7.75], "texture": "#1"},
				"up": {"uv": [8, 5.625, 6.75, 5.5], "texture": "#1"},
				"down": {"uv": [8, 5.625, 6.75, 5.75], "texture": "#1"}
			}
		},
		{
			"from": [12.50001, 26, 12.37868],
			"to": [13.50001, 28, 13.79288],
			"rotation": {"angle": -45, "axis": "y", "origin": [13.00001, 27, 13.29288]},
			"faces": {
				"north": {"uv": [0.125, 7.625, 0.25, 7.875], "texture": "#1"},
				"east": {"uv": [0.25, 7.625, 0.375, 7.875], "texture": "#1"},
				"south": {"uv": [7.625, 0.25, 7.75, 0.5], "texture": "#1"},
				"west": {"uv": [0.375, 7.625, 0.5, 7.875], "texture": "#1"},
				"up": {"uv": [7.375, 7.75, 7.25, 7.625], "texture": "#1"},
				"down": {"uv": [7.75, 7.25, 7.625, 7.375], "texture": "#1"}
			}
		},
		{
			"from": [13, 26, 3],
			"to": [14, 28, 13],
			"rotation": {"angle": 0, "axis": "y", "origin": [8, 3, 8]},
			"faces": {
				"north": {"uv": [0.5, 7.625, 0.625, 7.875], "texture": "#1"},
				"east": {"uv": [5.75, 6.25, 7, 6.5], "texture": "#1"},
				"south": {"uv": [7.625, 0.5, 7.75, 0.75], "texture": "#1"},
				"west": {"uv": [5.25, 6.5, 6.5, 6.75], "texture": "#1"},
				"up": {"uv": [2, 8.125, 1.875, 6.875], "texture": "#1"},
				"down": {"uv": [2.125, 6.875, 2, 8.125], "texture": "#1"}
			}
		},
		{
			"from": [12.50001, 26, 2.20712],
			"to": [13.50001, 28, 3.62132],
			"rotation": {"angle": 45, "axis": "y", "origin": [13.00001, 27, 2.70712]},
			"faces": {
				"north": {"uv": [0.625, 7.625, 0.75, 7.875], "texture": "#1"},
				"east": {"uv": [0.75, 7.625, 0.875, 7.875], "texture": "#1"},
				"south": {"uv": [7.625, 0.75, 7.75, 1], "texture": "#1"},
				"west": {"uv": [0.875, 7.625, 1, 7.875], "texture": "#1"},
				"up": {"uv": [7.75, 7.5, 7.625, 7.375], "texture": "#1"},
				"down": {"uv": [7.625, 7.625, 7.5, 7.75], "texture": "#1"}
			}
		},
		{
			"from": [2.49999, 26, 12.37868],
			"to": [3.49999, 28, 13.79288],
			"rotation": {"angle": 45, "axis": "y", "origin": [2.99999, 27, 13.29288]},
			"faces": {
				"north": {"uv": [6, 7.5, 6.125, 7.75], "texture": "#1"},
				"east": {"uv": [7.5, 7.375, 7.625, 7.625], "texture": "#1"},
				"south": {"uv": [0, 7.625, 0.125, 7.875], "texture": "#1"},
				"west": {"uv": [7.625, 0, 7.75, 0.25], "texture": "#1"},
				"up": {"uv": [6.75, 7.75, 6.625, 7.625], "texture": "#1"},
				"down": {"uv": [7.75, 7.125, 7.625, 7.25], "texture": "#1"}
			}
		},
		{
			"from": [4, 7, 4],
			"to": [12, 14.5, 12],
			"rotation": {"angle": 0, "axis": "y", "origin": [8, -2, 8]},
			"faces": {
				"north": {"uv": [2, 5.75, 3, 6.75], "texture": "#1"},
				"east": {"uv": [5.75, 2, 6.75, 3], "texture": "#1"},
				"south": {"uv": [5.75, 3, 6.75, 4], "texture": "#1"},
				"west": {"uv": [5.75, 4, 6.75, 5], "texture": "#1"},
				"up": {"uv": [6.75, 6, 5.75, 5], "texture": "#1"},
				"down": {"uv": [1, 6, 0, 7], "texture": "#1"}
			}
		}
	],
	"display": {
		"thirdperson_righthand": {
			"rotation": [75, 45, 0],
			"translation": [0, 2.5, 0],
			"scale": [0.375, 0.375, 0.375]
		},
		"thirdperson_lefthand": {
			"rotation": [75, 45, 0],
			"translation": [0, 2.5, 0],
			"scale": [0.375, 0.375, 0.375]
		},
		"firstperson_righthand": {
			"rotation": [0, 90, 0],
			"scale": [0.4, 0.4, 0.4]
		},
		"firstperson_lefthand": {
			"rotation": [0, 90, 0],
			"scale": [0.4, 0.4, 0.4]
		},
		"ground": {
			"translation": [0, 3, 0],
			"scale": [0.25, 0.25, 0.25]
		},
		"gui": {
			"rotation": [30, 225, 0],
			"translation": [0, 1, 0],
			"scale": [0.625, 0.625, 0.625]
		},
		"head": {
			"translation": [0, -27.15, 0],
			"scale": [1.602, 1.61, 1.602]
		},
		"fixed": {
			"translation": [0, -3, -3],
			"scale": [0.5, 0.5, 0.5]
		}
	},
	"groups": [
		{
			"name": "bone2",
			"origin": [0, 0, 0],
			"color": 0,
			"children": [
				0,
				1,
				2,
				3,
				4,
				5,
				6,
				7,
				8,
				9,
				10,
				11,
				12,
				13,
				14,
				15,
				16,
				17,
				18,
				19,
				20,
				{
					"name": "bone",
					"origin": [0, 0, 0],
					"color": 1,
					"children": [
						{
							"name": "frame",
							"origin": [5.00001, 29, -5.29288],
							"color": 0,
							"children": [
								{
									"name": "arm_z",
									"origin": [0, 5, 0],
									"color": 0,
									"children": [21]
								},
								{
									"name": "arm_x",
									"origin": [0, 5, 0],
									"color": 0,
									"children": [
										22,
										{
											"name": "nozzle",
											"origin": [0, 5, 1],
											"color": 0,
											"children": [23, 24, 25]
										}
									]
								},
								26,
								27,
								28,
								29,
								30,
								31,
								32,
								33
							]
						}
					]
				},
				{
					"name": "product",
					"origin": [0, 0, 0],
					"color": 0,
					"children": [34]
				}
			]
		}
	]
}