{
    "display": {
        "title": {
            "text": "Witherkiller",
            "color": "dark_purple"
        },
        "description": {
            "text": "Kill the Wither"
        },
        "icon": {
            "id": "minecraft:wither_skeleton_skull"
        },
        "frame": "challenge",
        "show_toast": true,
        "announce_to_chat": true,
        "hidden": true
    },
    "criteria": {
        "lvl": {
            "trigger": "minecraft:impossible"
        }
    },
    "rewards": {
        "function": "lvl:advancements/skills/combat/bosskill"
    },
    "parent": "zensiert:zensiert/combat"
}