{
  "type": "minecraft:fishing",
  "pools": [
    {
      "rolls": 1,
      "bonus_rolls": 0,
      "entries": [
        {
          "type": "minecraft:loot_table",
          "value": "fishingrework:gameplay/fishing/lava/junk",
          "weight": 30,
          "quality": -1
        },
        {
          "type": "minecraft:loot_table",
          "value": "fishingrework:gameplay/fishing/biome/lava/a_root",
          "weight": 20,
          "quality": -2,
          "conditions": [
          {
            "condition": "minecraft:any_of",
            "terms": [
              {
                "condition": "minecraft:location_check",
                "predicate": {
                  "biomes": "#fishingrework:has_lava_biome_loot"
                }
              }
            ]
          }
        ]
        },
        {
          "type": "minecraft:loot_table",
          "value": "fishingrework:gameplay/fishing/lava/fish",
          "weight": 85,
          "quality": -1
        },
        {
          "type": "minecraft:loot_table",
          "value": "fishingrework:gameplay/fishing/lava/treasure",
          "weight": 10,
          "quality": 2,
          "conditions": [
            {
              "condition": "minecraft:reference",
              "name": "fishingrework:is_in_open_liquid"
            }
          ]
        },
        {
          "type": "minecraft:loot_table",
          "value": "fishingrework:gameplay/fishing/lava/entity",
          "weight": 15,
          "quality": 2,
          "conditions": [
            {
              "condition": "minecraft:table_bonus",
              "enchantment": "fishingrework:live_catch",
              "chances": [
                0,
                0.33,
                0.66,
                1
              ]
            },
            {
              "condition": "minecraft:reference",
              "name": "fishingrework:is_in_open_liquid"
            },
            {
              "condition": "minecraft:reference",
              "name": "fishingrework:in_nether_area"
            }
          ]
        },
        {
          "type": "minecraft:loot_table",
          "value": "fishingrework:gameplay/fishing/bounty/a_root_bounty",
          "weight": 4,
          "quality": 0,
          "conditions": [
            {
              "condition": "minecraft:table_bonus",
              "enchantment": "fishingrework:treasure_hunter",
              "chances": [
                0,
                0.50,
                0.75,
                1
              ]
            },
            {
              "condition": "minecraft:reference",
              "name": "fishingrework:is_in_open_liquid"
            }
          ]
        }
      ]
    }
  ],
  "random_sequence": "minecraft:gameplay/fishing"
}
