{
    "display": {
        "title": {
            "text": "Treasure Hunter tier 2                       "
        },
        "description": {
            "text": "Fish inside of pillager outposts, jungles, desert pyramids, and strongholds to gain access to the new loot in this new tier!"
        },
        "icon": {
            "id": "minecraft:trapped_chest"
        },
        "frame": "task",
        "show_toast": true,
        "announce_to_chat": false,
        "hidden": false
    },
    "criteria": {
    "requirement": {
      "trigger": "minecraft:impossible"
    }
    },
    "parent": "fishingrework:enchantment_info/treasure_hunter_progression/treasure_t2"
}