{
    "display": {
        "title": {
            "text": "Treasure Hunter tier 0                       "
        },
        "description": {
            "text": "No specific locations are needed in this tier!"
        },
        "icon": {
            "id": "minecraft:chest"
        },
        "frame": "task",
        "show_toast": false,
        "announce_to_chat": false,
        "hidden": false
    },
    "criteria": {
    "requirement": {
      "trigger": "minecraft:impossible"
    }
    },
    "parent": "fishingrework:enchantment_info/treasure_hunter"
}