{
    "display": {
        "title": {
            "text": "Treasure Hunter tier 1                       "
        },
        "description": {
            "text": "An ocean during rain, and trail ruins provides new loot at this tier!"
        },
        "icon": {
            "id": "minecraft:trapped_chest"
        },
        "frame": "task",
        "show_toast": true,
        "announce_to_chat": false,
        "hidden": false
    },
    "criteria": {
    "requirement": {
      "trigger": "minecraft:impossible"
    }
    },
    "parent": "fishingrework:enchantment_info/treasure_hunter_progression/treasure_t1"
}