{
  "type": "minecraft:fishing",
  "pools": [
    {
      "rolls": 1,
      "bonus_rolls": 0,
      "entries": [
        {
          "type": "minecraft:group",
          "children": [
            {
              "type": "minecraft:group",
              "children": [
                {
                  "type": "minecraft:item",
                  "name": "minecraft:dried_kelp",
                  "weight": 10,
                  "functions": [
                    {
                      "function": "minecraft:set_components",
                      "components": {
                        "minecraft:item_name": "\"Charred Fish\""
                      }
                    }
                  ]
                },
                {
                  "type": "minecraft:item",
                  "name": "minecraft:rotten_flesh",
                  "weight": 10,
                  "functions": [
                    {
                      "function": "minecraft:set_components",
                      "components": {
                        "minecraft:item_name": "\"Rotted Scorched Fish\""
                      }
                    }
                  ]
                },
                {
                  "type": "minecraft:item",
                  "name": "minecraft:stick",
                  "weight": 10,
                  "functions": [
                    {
                      "function": "minecraft:set_components",
                      "components": {
                        "minecraft:item_name": "\"Charred Stick Fish\"",
                        "minecraft:food": {
                          "nutrition": 3,
                          "saturation": 6
                        }
                      }
                    }
                  ]
                },
                {
                  "type": "minecraft:item",
                  "name": "minecraft:bone",
                  "weight": 10,
                  "functions": [
                    {
                      "function": "minecraft:set_components",
                      "components": {
                        "minecraft:item_name": "\"Bonefish\"",
                        "minecraft:food": {
                          "nutrition": 6,
                          "saturation": 8
                        }
                      }
                    }
                  ]
                },
                {
                  "type": "minecraft:item",
                  "name": "minecraft:dead_bush",
                  "weight": 10,
                  "functions": [
                    {
                      "function": "minecraft:set_components",
                      "components": {
                        "minecraft:item_name": "\"Charred Stick Fish Nest\"",
                        "minecraft:food": {
                          "nutrition": 3,
                          "saturation": 2
                        }
                      }
                    }
                  ]
                }
              ]
            },
            {
              "type": "minecraft:group",
              "children": [
                {
                  "type": "minecraft:item",
                  "name": "minecraft:flint",
                  "weight": 10,
                  "functions": [
                    {
                      "function": "minecraft:set_components",
                      "components": {
                        "minecraft:item_name": "\"Razorback Stonefish\"",
                        "minecraft:food": {
                          "nutrition": 5,
                          "saturation": 2
                        }
                      }
                    }
                  ]
                },
                {
                  "type": "minecraft:item",
                  "name": "minecraft:string",
                  "weight": 10,
                  "functions": [
                    {
                      "function": "minecraft:set_components",
                      "components": {
                        "minecraft:item_name": "\"Firey Scrap\""
                      }
                    }
                  ]
                },
                {
                  "type": "minecraft:item",
                  "name": "minecraft:cooked_salmon",
                  "weight": 10,
                  "functions": [
                    {
                      "function": "minecraft:set_components",
                      "components": {
                        "minecraft:item_name": "\"Firefin Tuna\"",
                        "minecraft:food": {
                          "nutrition": 8,
                          "saturation": 10
                        }
                      }
                    }
                  ]
                },
                {
                  "type": "minecraft:item",
                  "name": "minecraft:honeycomb",
                  "weight": 10,
                  "functions": [
                    {
                      "function": "minecraft:set_components",
                      "components": {
                        "minecraft:item_name": "\"Firespice Honey\"",
                        "minecraft:food": {
                          "nutrition": 3,
                          "saturation": 2,
                          "can_always_eat": true,
                          "effects": [
                            {
                              "effect": {
                                "id": "minecraft:fire_resistance",
                                "duration": 60
                              }
                            }
                          ]
                        },
                        "minecraft:lore": [
                          "\"Eating it gives you a warm feeling inside\""
                        ]
                      }
                    }
                  ]
                }
              ],
              "conditions": [
                {
                  "condition": "minecraft:reference",
                  "name": "fishingrework:luck_tier_1"
                }
              ]
            },
            {
              "type": "minecraft:group",
              "children": [
                {
                  "type": "minecraft:item",
                  "name": "minecraft:soul_torch",
                  "weight": 10,
                  "functions": [
                    {
                      "function": "minecraft:set_components",
                      "components": {
                        "minecraft:item_name": "\"Ghostly Fired Stickfish\"",
                        "minecraft:food": {
                          "nutrition": 5,
                          "saturation": 2
                        }
                      }
                    }
                  ]
                },
                {
                  "type": "minecraft:item",
                  "name": "minecraft:chain",
                  "weight": 10,
                  "functions": [
                    {
                      "function": "minecraft:set_components",
                      "components": {
                        "minecraft:item_name": "\"Ironclad Salps\"",
                        "minecraft:food": {
                          "nutrition": 6,
                          "saturation": 10
                        }
                      }
                    }
                  ]
                }
              ],
              "conditions": [
                {
                  "condition": "minecraft:reference",
                  "name": "fishingrework:luck_tier_2"
                }
              ]
            },
            {
              "type": "minecraft:group",
              "children": [
                {
                  "type": "minecraft:item",
                  "name": "minecraft:fire_coral",
                  "weight": 10,
                  "functions": [
                    {
                      "function": "minecraft:set_components",
                      "components": {
                        "minecraft:item_name": "\"Ghastly Redfin\"",
                        "minecraft:food": {
                          "nutrition": 8,
                          "saturation": 4
                        }
                      }
                    }
                  ]
                },
                {
                  "type": "minecraft:item",
                  "name": "minecraft:fermented_spider_eye",
                  "weight": 10,
                  "functions": [
                    {
                      "function": "minecraft:set_components",
                      "components": {
                        "minecraft:item_name": "\"Crimson Fire-eel Eye\"",
                        "minecraft:food": {
                          "nutrition": 5,
                          "saturation": 2,
                          "effects": [
                            {
                              "effect": {
                                "id": "minecraft:poison",
                                "amplifier": 2,
                                "duration": 400
                              }
                            }
                          ]
                        }
                      }
                    }
                  ]
                },
                {
                  "type": "minecraft:item",
                  "name": "minecraft:redstone_torch",
                  "weight": 10,
                  "functions": [
                    {
                      "function": "minecraft:set_components",
                      "components": {
                        "minecraft:item_name": "\"Glowing Cyclopsfish\"",
                        "minecraft:food": {
                          "nutrition": 7,
                          "saturation": 6.3
                        }
                      }
                    }
                  ]
                },
                {
                  "type": "minecraft:loot_table",
                  "value": "fishingrework:gameplay/fishing/misc/firework_star",
                  "weight": 10,
                  "functions": [
                    {
                      "function": "minecraft:set_components",
                      "components": {
                        "minecraft:item_name": "\"Popfish\"",
                        "minecraft:food": {
                          "nutrition": 6,
                          "saturation": 2
                        }
                      }
                    }
                  ]
                }
              ],
              "conditions": [
                {
                  "condition": "minecraft:reference",
                  "name": "fishingrework:luck_tier_3"
                }
              ]
            },
            {
              "type": "minecraft:group",
              "children": [
                {
                  "type": "minecraft:item",
                  "name": "minecraft:lightning_rod",
                  "weight": 10,
                  "functions": [
                    {
                      "function": "minecraft:set_components",
                      "components": {
                        "minecraft:item_name": "\"Petrified Barfish\"",
                        "minecraft:food": {
                          "nutrition": 8,
                          "saturation": 2
                        }
                      }
                    }
                  ]
                },
                {
                  "type": "minecraft:item",
                  "name": "minecraft:golden_apple",
                  "weight": 5,
                  "functions": [
                    {
                      "function": "minecraft:set_components",
                      "components": {
                        "minecraft:item_name": "\"Plump Goldfish\"",
                        "minecraft:food": {
                          "nutrition": 10,
                          "saturation": 12,
                          "effects": [
                            {
                              "effect": {
                                "id": "minecraft:regeneration",
                                "amplifier": 1,
                                "duration": 100
                              }
                            },
                            {
                              "effect": {
                                "id": "minecraft:absorption",
                                "duration": 2400
                              }
                            }
                          ]
                        }
                      }
                    }
                  ]
                }
              ],
              "conditions": [
                {
                  "condition": "minecraft:reference",
                  "name": "fishingrework:luck_tier_4"
                }
              ]
            }
          ]
        },
                {
                  "type": "minecraft:group",
                  "children": [
                    {
                      "type": "minecraft:group",
                      "children": [
                        {
                          "type": "minecraft:item",
                          "name": "minecraft:spectral_arrow",
                          "weight": 10,
                          "functions": [
                            {
                              "function": "minecraft:set_components",
                              "components": {
                                "minecraft:item_name": "\"Glowing Arrowcuda\"",
                                "minecraft:food": {
                                  "nutrition": 4,
                                  "saturation": 2
                                }
                              }
                            }
                          ]
                        },
                        {
                          "type": "minecraft:item",
                          "name": "minecraft:nether_brick",
                          "weight": 10,
                          "functions": [
                            {
                              "function": "minecraft:set_components",
                              "components": {
                                "minecraft:item_name": "\"Nether Rockhead Fish\"",
                                "minecraft:food": {
                                  "nutrition": 4,
                                  "saturation": 8
                                }
                              }
                            }
                          ]
                        },
                        {
                          "type": "minecraft:item",
                          "name": "minecraft:nether_sprouts",
                          "weight": 10,
                          "functions": [
                            {
                              "function": "minecraft:set_components",
                              "components": {
                                "minecraft:item_name": "\"Warped Soulsand Worms\"",
                                "minecraft:food": {
                                  "nutrition": 2,
                                  "saturation": 1
                                }
                              }
                            }
                          ]
                        },
                        {
                          "type": "minecraft:item",
                          "name": "minecraft:warped_roots",
                          "weight": 10,
                          "functions": [
                            {
                              "function": "minecraft:set_components",
                              "components": {
                                "minecraft:item_name": "\"Nether Eyefish\"",
                                "minecraft:food": {
                                  "nutrition": 6,
                                  "saturation": 5.33
                                }
                              }
                            }
                          ]
                        },
                        {
                          "type": "minecraft:item",
                          "name": "minecraft:crimson_roots",
                          "weight": 10,
                          "functions": [
                            {
                              "function": "minecraft:set_components",
                              "components": {
                                "minecraft:item_name": "\"Wriggling Netherworms\"",
                                "minecraft:food": {
                                  "nutrition": 1,
                                  "saturation": 1
                                },
                                "minecraft:lore": [
                                  "\"They don't look very appetizing...\""
                                ]
                              }
                            }
                          ]
                        }
                      ]
                    },
                    {
                      "type": "minecraft:group",
                      "children": [
                        {
                          "type": "minecraft:item",
                          "name": "minecraft:tipped_arrow",
                          "weight": 10,
                          "functions": [
                            {
                              "function": "minecraft:set_potion",
                              "id": "minecraft:harming"
                            },
                            {
                              "function": "minecraft:set_components",
                              "components": {
                                "minecraft:item_name": "\"Spiked Arrowcuda\"",
                                "minecraft:food": {
                                  "nutrition": 4,
                                  "saturation": 2
                                }
                              }
                            }
                          ]
                        },
                        {
                          "type": "minecraft:item",
                          "name": "minecraft:tipped_arrow",
                          "weight": 10,
                          "functions": [
                            {
                              "function": "minecraft:set_potion",
                              "id": "minecraft:long_fire_resistance"
                            },
                            {
                              "function": "minecraft:set_components",
                              "components": {
                                "minecraft:item_name": "\"Spicy Arrowcuda\"",
                                "minecraft:food": {
                                  "nutrition": 4,
                                  "saturation": 2
                                }
                              }
                            }
                          ]
                        },
                        {
                          "type": "minecraft:item",
                          "name": "minecraft:quartz",
                          "weight": 10,
                          "functions": [
                            {
                              "function": "minecraft:set_components",
                              "components": {
                                "minecraft:item_name": "\"Spiny Crystalfish\"",
                                "minecraft:food": {
                                  "nutrition": 4,
                                  "saturation": 4
                                }
                              }
                            }
                          ]
                        },
                        {
                          "type": "minecraft:item",
                          "name": "minecraft:soul_lantern",
                          "weight": 10,
                          "functions": [
                            {
                              "function": "minecraft:set_components",
                              "components": {
                                "minecraft:item_name": "\"Bluefire Lanterfish\"",
                                "minecraft:food": {
                                  "nutrition": 8,
                                  "saturation": 10
                                }
                              }
                            }
                          ]
                        },
                        {
                          "type": "minecraft:item",
                          "name": "minecraft:porkchop",
                          "weight": 10
                        },
                        {
                          "type": "minecraft:item",
                          "name": "minecraft:cooked_porkchop",
                          "weight": 10
                        }
                      ],
                      "conditions": [
                        {
                          "condition": "minecraft:reference",
                          "name": "fishingrework:luck_tier_1"
                        }
                      ]
                    },
                    {
                      "type": "minecraft:group",
                      "children": [
                        {
                          "type": "minecraft:item",
                          "name": "minecraft:weeping_vines",
                          "weight": 10,
                          "functions": [
                            {
                              "function": "minecraft:set_components",
                              "components": {
                                "minecraft:item_name": "\"Crimson Fire-eel\"",
                                "minecraft:food": {
                                  "nutrition": 4,
                                  "saturation": 4
                                }
                              }
                            }
                          ]
                        },
                        {
                          "type": "minecraft:item",
                          "name": "minecraft:twisting_vines",
                          "weight": 10,
                          "functions": [
                            {
                              "function": "minecraft:set_components",
                              "components": {
                                "minecraft:item_name": "\"Warped Fire-eel\"",
                                "minecraft:food": {
                                  "nutrition": 4,
                                  "saturation": 4
                                }
                              }
                            }
                          ]
                        },
                        {
                          "type": "minecraft:item",
                          "name": "minecraft:magma_cream",
                          "weight": 10,
                          "functions": [
                            {
                              "function": "minecraft:set_components",
                              "components": {
                                "minecraft:item_name": "\"Firey Jelly\"",
                                "minecraft:food": {
                                  "nutrition": 2,
                                  "saturation": 6
                                }
                              }
                            }
                          ]
                        },
                        {
                          "type": "minecraft:item",
                          "name": "minecraft:crimson_fungus",
                          "weight": 10,
                          "functions": [
                            {
                              "function": "minecraft:set_components",
                              "components": {
                                "minecraft:item_name": "\"Crimson Bellheaded Fungifish\"",
                                "minecraft:food": {
                                  "nutrition": 5,
                                  "saturation": 1
                                }
                              }
                            }
                          ]
                        },
                        {
                          "type": "minecraft:item",
                          "name": "minecraft:warped_fungus",
                          "weight": 10,
                          "functions": [
                            {
                              "function": "minecraft:set_components",
                              "components": {
                                "minecraft:item_name": "\"Ceruelean Flatheaded Fungifish\"",
                                "minecraft:food": {
                                  "nutrition": 5,
                                  "saturation": 1
                                }
                              }
                            }
                          ]
                        },
                        {
                          "type": "minecraft:item",
                          "name": "minecraft:fire_charge",
                          "weight": 10,
                          "functions": [
                            {
                              "function": "minecraft:set_components",
                              "components": {
                                "minecraft:item_name": "\"Unstable Popfish Core\"",
                                "minecraft:food": {
                                  "nutrition": 3,
                                  "saturation": 1.5
                                }
                              }
                            }
                          ]
                        },
                        {
                          "type": "minecraft:item",
                          "name": "minecraft:nether_wart",
                          "weight": 10,
                          "functions": [
                            {
                              "function": "minecraft:set_components",
                              "components": {
                                "minecraft:item_name": "\"Warty Lavafish\"",
                                "minecraft:food": {
                                  "nutrition": 4,
                                  "saturation": 2
                                }
                              }
                            }
                          ]
                        }
                      ],
                      "conditions": [
                        {
                          "condition": "minecraft:reference",
                          "name": "fishingrework:luck_tier_2"
                        }
                      ]
                    },
                    {
                      "type": "minecraft:group",
                      "children": [
                        {
                          "type": "minecraft:item",
                          "name": "minecraft:blaze_powder",
                          "weight": 10,
                          "functions": [
                            {
                              "function": "minecraft:set_components",
                              "components": {
                                "minecraft:item_name": "\"Blazefish Scale\"",
                                "minecraft:food": {
                                  "nutrition": 1,
                                  "saturation": 1
                                }
                              }
                            }
                          ]
                        }
                      ],
                      "conditions": [
                        {
                          "condition": "minecraft:reference",
                          "name": "fishingrework:luck_tier_3"
                        }
                      ]
                    },
                    {
                      "type": "minecraft:group",
                      "children": [
                        {
                          "type": "minecraft:item",
                          "name": "minecraft:wither_rose",
                          "weight": 5,
                          "functions": [
                            {
                              "function": "minecraft:set_components",
                              "components": {
                                "minecraft:item_name": "\"Withering Flyfish\"",
                                "minecraft:food": {
                                  "nutrition": 1,
                                  "saturation": 8,
                                  "effects": [
                                    {
                                      "effect": {
                                        "id": "minecraft:wither",
                                        "amplifier": 1,
                                        "duration": 20
                                      }
                                    }
                                  ]
                                }
                              }
                            }
                          ]
                        }
                      ],
                      "conditions": [
                        {
                          "condition": "minecraft:reference",
                          "name": "fishingrework:luck_tier_4"
                        }
                      ]
                    }
                  ],
                  "conditions": [
                    {
                      "condition": "minecraft:reference",
                      "name": "fishingrework:in_nether_area"
                    }
                  ]
                }
      ]
    }
  ],
  "random_sequence": "minecraft:gameplay/fishing/fish"
}
