{
    "display": {
        "title": {
            "text": "Level Up",
            "color": "gold",
            "bold": true
        },
        "description": {
            "text": "Thanks for installing my Datapack. Try /trigger Dashboard",
            "color": "dark_purple"
        },
        "icon": {
            "count": 1,
            "id": "minecraft:music_disc_ward"
        },
        "frame": "task",
        "show_toast": false,
        "announce_to_chat": false,
        "hidden": false,
        "background": "minecraft:textures/block/black_concrete.png"
    },
    "criteria": {
        "tick": {
            "trigger": "minecraft:tick"
        }
    },
    "parent": "zensiert:zensiert/root"

}