{
    "display": {
        "title": {
            "text": "Sprint"
        },
        "description": {
            "text": "Unlocked Sprint Skill"
        },
        "icon": {
            "id": "minecraft:feather"
        },
        "frame": "task",
        "show_toast": false,
        "announce_to_chat": true,
        "hidden": true
    },
    "criteria": {
        "tick": {
            "trigger": "minecraft:impossible"
        }
    },
    "rewards": {
        "function": "lvl:advancements/skills/sprint/1"
    },
    "parent": "zensiert:zensiert/level_up"
}