{
    "display": {
        "title": {
            "text": "Walking"
        },
        "description": {
            "text": "Unlocked Walking Skill"
        },
        "icon": {
            "id": "minecraft:leather_boots"
        },
        "frame": "task",
        "show_toast": false,
        "announce_to_chat": true,
        "hidden": true
    },
    "criteria": {
        "tick": {
            "trigger": "minecraft:impossible"
        }
    },
    "rewards": {
        "function": "lvl:advancements/skills/walking/1"
    },
    "parent": "zensiert:zensiert/level_up"
}