{
    "description": "Fisherman's Luck",
    "supported_items": "#minecraft:enchantable/armor",
    "weight": 1,
    "max_level": 1,
    "min_cost": {
      "base": 0,
      "per_level_above_first": 0
    },
    "max_cost": {
      "base": 0,
      "per_level_above_first": 0
    },
    "anvil_cost": 1,
    "slots": [
      "armor"
    ],
    "effects": {
      "minecraft:attributes": [
        {
          "id": "fishermans_luck",
          "attribute": "minecraft:generic.luck",
          "amount": 1,
          "operation": "add_value"
        }
      ]
    }
  }
  