{
	"credit": "Made with Blockbench",
	"texture_size": [64, 64],
	"textures": {
		"1": "expansion:armor/helmets/golem",
		"particle": "expansion:armor/helmets/golem"
	},
	"elements": [
		{
			"name": "main",
			"from": [2.775, 1.375, 2.775],
			"to": [13.225, 11.825, 13.225],
			"rotation": {"angle": 0, "axis": "y", "origin": [2.775, 1.375, 2.775]},
			"faces": {
				"north": {"uv": [5, 0, 7.5, 2.5], "texture": "#1"},
				"east": {"uv": [3, 6.5, 5.5, 9], "texture": "#1"},
				"south": {"uv": [5.5, 6.5, 8, 9], "texture": "#1"},
				"west": {"uv": [7.5, 0, 10, 2.5], "texture": "#1"},
				"up": {"uv": [10, 5, 7.5, 2.5], "texture": "#1"},
				"down": {"uv": [2.5, 7.75, 0, 10.25], "texture": "#1"}
			}
		},
		{
			"name": "overlay",
			"from": [2.5, 1.1, 2.5],
			"to": [13.5, 12.1, 13.5],
			"rotation": {"angle": 0, "axis": "y", "origin": [2.775, 1.375, 2.5]},
			"faces": {
				"north": {"uv": [8, 5, 10.5, 7.5], "texture": "#1"},
				"east": {"uv": [8, 7.5, 10.5, 10], "texture": "#1"},
				"south": {"uv": [2.5, 9, 5, 11.5], "texture": "#1"},
				"west": {"uv": [5, 9, 7.5, 11.5], "texture": "#1"},
				"up": {"uv": [12.5, 2.5, 10, 0], "texture": "#1"},
				"down": {"uv": [12.5, 2.5, 10, 5], "texture": "#1"}
			}
		},
		{
			"from": [6.075, -1.1, 0.575],
			"to": [9.925, 4.4, 2.775],
			"rotation": {"angle": 0, "axis": "y", "origin": [8.9625, -2.73332, 8.97918]},
			"faces": {
				"north": {"uv": [3, 2.5, 3.75, 3.75], "texture": "#1"},
				"east": {"uv": [2.5, 2.5, 3, 3.75], "texture": "#1"},
				"south": {"uv": [4.25, 2.5, 5, 3.75], "texture": "#1"},
				"west": {"uv": [3.75, 2.5, 4.25, 3.75], "texture": "#1"},
				"up": {"uv": [3.75, 2.5, 3, 2], "texture": "#1"},
				"down": {"uv": [4.5, 2, 3.75, 2.5], "texture": "#1"}
			}
		},
		{
			"from": [6.075, 1.375, 1.675],
			"to": [9.925, 12.925, 14.325],
			"rotation": {"angle": 0, "axis": "y", "origin": [8.9625, 6.34168, 10.07918]},
			"faces": {
				"north": {"uv": [5.75, 11.5, 6.75, 14.25], "texture": "#1"},
				"east": {"uv": [4.5, 3.75, 7.5, 6.5], "texture": "#1"},
				"south": {"uv": [12, 8.75, 13, 11.5], "texture": "#1"},
				"west": {"uv": [0, 5, 3, 7.75], "texture": "#1"},
				"up": {"uv": [4.75, 14.5, 3.75, 11.5], "texture": "#1"},
				"down": {"uv": [5.75, 11.5, 4.75, 14.5], "texture": "#1"}
			}
		},
		{
			"from": [5.8, 15.125, 6.9],
			"to": [10.2, 19, 11.3],
			"rotation": {"angle": 22.5, "axis": "x", "origin": [8, 15.4, 9.1]},
			"faces": {
				"north": {"uv": [1, 1, 2, 1.75], "texture": "#1"},
				"east": {"uv": [0, 1, 1, 1.75], "texture": "#1"},
				"south": {"uv": [3, 1, 4, 1.75], "texture": "#1"},
				"west": {"uv": [2, 1, 3, 1.75], "texture": "#1"},
				"up": {"uv": [2, 1, 1, 0], "texture": "#1"},
				"down": {"uv": [3, 0, 2, 1], "texture": "#1"}
			}
		},
		{
			"from": [1.675, 3.3, 5.525],
			"to": [2.775, 7.7, 9.925],
			"rotation": {"angle": 0, "axis": "y", "origin": [-0.525, 3.3, 6.625]},
			"faces": {
				"north": {"uv": [1, 3, 1.25, 4], "texture": "#1"},
				"east": {"uv": [0, 3, 1, 4], "texture": "#1"},
				"south": {"uv": [2.25, 3, 2.5, 4], "texture": "#1"},
				"west": {"uv": [1.25, 3, 2.25, 4], "texture": "#1"},
				"up": {"uv": [1.25, 3, 1, 2], "texture": "#1"},
				"down": {"uv": [1.5, 2, 1.25, 3], "texture": "#1"}
			}
		},
		{
			"from": [13.225, 3.3, 5.525],
			"to": [14.325, 7.7, 9.925],
			"rotation": {"angle": 0, "axis": "y", "origin": [16.525, 3.3, 6.625]},
			"faces": {
				"north": {"uv": [1.25, 3, 1, 4], "texture": "#1"},
				"east": {"uv": [2.25, 3, 1.25, 4], "texture": "#1"},
				"south": {"uv": [2.5, 3, 2.25, 4], "texture": "#1"},
				"west": {"uv": [1, 3, 0, 4], "texture": "#1"},
				"up": {"uv": [1, 3, 1.25, 2], "texture": "#1"},
				"down": {"uv": [1.25, 2, 1.5, 3], "texture": "#1"}
			}
		},
		{
			"from": [6.9, 11.825, 8],
			"to": [9.1, 15.125, 10.2],
			"rotation": {"angle": 22.5, "axis": "x", "origin": [8, 15.4, 9.1]},
			"faces": {
				"north": {"uv": [3, 4.25, 3.5, 5], "texture": "#1"},
				"east": {"uv": [2.5, 4.25, 3, 5], "texture": "#1"},
				"south": {"uv": [4, 4.25, 4.5, 5], "texture": "#1"},
				"west": {"uv": [3.5, 4.25, 4, 5], "texture": "#1"},
				"up": {"uv": [3.5, 4.25, 3, 3.75], "texture": "#1"},
				"down": {"uv": [4, 3.75, 3.5, 4.25], "texture": "#1"}
			}
		},
		{
			"name": "main inverted",
			"from": [13.225, 11.825, 13.225],
			"to": [2.775, 1.375, 2.775],
			"rotation": {"angle": 0, "axis": "y", "origin": [2.775, 1.375, 2.775]},
			"faces": {
				"north": {"uv": [5.5, 9, 8, 6.5], "texture": "#1"},
				"east": {"uv": [7.5, 2.5, 10, 0], "texture": "#1"},
				"south": {"uv": [5, 2.5, 7.5, 0], "texture": "#1"},
				"west": {"uv": [3, 9, 5.5, 6.5], "texture": "#1"},
				"up": {"uv": [0, 7.75, 2.5, 10.25], "texture": "#1"},
				"down": {"uv": [7.5, 5, 10, 2.5], "texture": "#1"}
			}
		}
	],
	"display": {
		"thirdperson_righthand": {
			"rotation": [70, 0, 0],
			"translation": [-5.75, 2.75, -1.75]
		},
		"thirdperson_lefthand": {
			"rotation": [70, 0, 0],
			"translation": [-5.75, 2.75, -1.75]
		},
		"firstperson_righthand": {
			"translation": [-9.25, -2, 0]
		},
		"firstperson_lefthand": {
			"translation": [-9.25, -2, 0]
		},
		"ground": {
			"translation": [0, 2, 0],
			"scale": [0.5, 0.5, 0.5]
		},
		"gui": {
			"rotation": [30, 225, 0],
			"scale": [0.625, 0.625, 0.625]
		},
		"head": {
			"translation": [0, 1.6, 0],
			"scale": [1.5, 1.5, 1.5]
		},
		"fixed": {
			"rotation": [-90, 0, 0],
			"translation": [0, 0, -6.75],
			"scale": [1.2, 1.2, 1.2]
		}
	},
	"groups": [
		{
			"name": "helmet",
			"origin": [8, 24, 8],
			"color": 0,
			"children": [
				0,
				1,
				{
					"name": "details",
					"origin": [8.875, 16.26517, 8.89017],
					"color": 0,
					"children": [2, 3, 4, 5, 6, 7]
				},
				8
			]
		}
	]
}