{
	"credit": "Made with Blockbench",
	"texture_size": [64, 64],
	"textures": {
		"1": "expansion:armor/helmets/trooper",
		"particle": "expansion:armor/helmets/trooper"
	},
	"elements": [
		{
			"name": "main",
			"from": [3.25, 1.25, 3.25],
			"to": [12.75, 10.75, 12.75],
			"rotation": {"angle": 0, "axis": "y", "origin": [3.25, 1.25, 3.25]},
			"faces": {
				"north": {"uv": [0, 10, 2.5, 12.5], "texture": "#1"},
				"east": {"uv": [2.5, 10, 5, 12.5], "texture": "#1"},
				"south": {"uv": [10, 8.25, 12.5, 10.75], "texture": "#1"},
				"west": {"uv": [10.5, 0, 13, 2.5], "texture": "#1"},
				"up": {"uv": [7.5, 13.25, 5, 10.75], "texture": "#1"},
				"down": {"uv": [10, 10.75, 7.5, 13.25], "texture": "#1"}
			}
		},
		{
			"name": "overlay",
			"from": [3, 1, 3],
			"to": [13, 11, 13],
			"rotation": {"angle": 0, "axis": "y", "origin": [3.25, 1.25, 3]},
			"faces": {
				"north": {"uv": [0, 7.5, 2.5, 10], "texture": "#1"},
				"east": {"uv": [2.5, 7.5, 5, 10], "texture": "#1"},
				"south": {"uv": [5, 8.25, 7.5, 10.75], "texture": "#1"},
				"west": {"uv": [7.5, 8.25, 10, 10.75], "texture": "#1"},
				"up": {"uv": [11, 5.75, 8.5, 3.25], "texture": "#1"},
				"down": {"uv": [11, 5.75, 8.5, 8.25], "texture": "#1"}
			}
		},
		{
			"name": "antenna",
			"from": [2.25, 7.25, 10.5],
			"to": [3.75, 14.25, 12],
			"rotation": {"angle": 22.5, "axis": "x", "origin": [2.75, 10.5, 11.5]},
			"faces": {
				"north": {"uv": [5, 6.5, 5.5, 8.25], "texture": "#1"},
				"east": {"uv": [5.5, 6.5, 6, 8.25], "texture": "#1"},
				"south": {"uv": [11.75, 6.5, 12.25, 8.25], "texture": "#1"},
				"west": {"uv": [12.25, 6.5, 12.75, 8.25], "texture": "#1"},
				"up": {"uv": [3.5, 13, 3, 12.5], "texture": "#1"},
				"down": {"uv": [4, 12.5, 3.5, 13], "texture": "#1"}
			}
		},
		{
			"from": [2.01777, 0.75, 1.68934],
			"to": [6.01777, 3.75, 3.18934],
			"rotation": {"angle": 45, "axis": "y", "origin": [4.01777, 2.25, 2.18934]},
			"faces": {
				"north": {"uv": [0.25, 6.75, 1.25, 7.5], "texture": "#1"},
				"east": {"uv": [0, 6.75, 0.25, 7.5], "texture": "#1"},
				"south": {"uv": [1.5, 6.75, 2.5, 7.5], "texture": "#1"},
				"west": {"uv": [1.25, 6.75, 1.5, 7.5], "texture": "#1"},
				"up": {"uv": [1.25, 6.75, 0.25, 6.5], "texture": "#1"},
				"down": {"uv": [2.25, 6.5, 1.25, 6.75], "texture": "#1"}
			}
		},
		{
			"from": [9.98223, 0.75, 1.68934],
			"to": [13.98223, 3.75, 3.18934],
			"rotation": {"angle": -45, "axis": "y", "origin": [11.98223, 2.25, 2.18934]},
			"faces": {
				"north": {"uv": [2.75, 6.75, 3.75, 7.5], "texture": "#1"},
				"east": {"uv": [2.5, 6.75, 2.75, 7.5], "texture": "#1"},
				"south": {"uv": [4, 6.75, 5, 7.5], "texture": "#1"},
				"west": {"uv": [3.75, 6.75, 4, 7.5], "texture": "#1"},
				"up": {"uv": [3.75, 6.75, 2.75, 6.5], "texture": "#1"},
				"down": {"uv": [4.75, 6.5, 3.75, 6.75], "texture": "#1"}
			}
		},
		{
			"from": [2.25, 0.75, 3.25],
			"to": [13.75, 3.75, 13.25],
			"rotation": {"angle": 0, "axis": "y", "origin": [2.5, 5.5, 7.75]},
			"faces": {
				"north": {"uv": [2.5, 2.5, 5.25, 3.25], "texture": "#1"},
				"east": {"uv": [0, 2.5, 2.5, 3.25], "texture": "#1"},
				"south": {"uv": [7.75, 2.5, 10.5, 3.25], "texture": "#1"},
				"west": {"uv": [5.25, 2.5, 7.75, 3.25], "texture": "#1"},
				"up": {"uv": [5.25, 2.5, 2.5, 0], "texture": "#1"},
				"down": {"uv": [8, 0, 5.25, 2.5], "texture": "#1"}
			}
		},
		{
			"from": [2, 2.25, 7.25],
			"to": [3.25, 8.25, 11.25],
			"rotation": {"angle": 0, "axis": "y", "origin": [2.75, 5.75, 8.75]},
			"faces": {
				"north": {"uv": [7, 4.25, 7.25, 5.75], "texture": "#1"},
				"east": {"uv": [6, 4.25, 7, 5.75], "texture": "#1"},
				"south": {"uv": [8.25, 4.25, 8.5, 5.75], "texture": "#1"},
				"west": {"uv": [7.25, 4.25, 8.25, 5.75], "texture": "#1"},
				"up": {"uv": [7.25, 4.25, 7, 3.25], "texture": "#1"},
				"down": {"uv": [7.5, 3.25, 7.25, 4.25], "texture": "#1"}
			}
		},
		{
			"from": [2.75, 9, 2.75],
			"to": [5.75, 11.5, 13],
			"rotation": {"angle": 0, "axis": "y", "origin": [4.625, 8.76517, 7.89017]},
			"faces": {
				"north": {"uv": [0, 12.5, 0.75, 13.25], "texture": "#1"},
				"east": {"uv": [10.5, 2.5, 13, 3.25], "texture": "#1"},
				"south": {"uv": [0.75, 12.5, 1.5, 13.25], "texture": "#1"},
				"west": {"uv": [10, 10.75, 12.5, 11.5], "texture": "#1"},
				"up": {"uv": [11.75, 5.75, 11, 3.25], "texture": "#1"},
				"down": {"uv": [11.75, 5.75, 11, 8.25], "texture": "#1"}
			}
		},
		{
			"from": [12.75, 2.25, 7.25],
			"to": [14, 8.25, 11.25],
			"rotation": {"angle": 0, "axis": "y", "origin": [13.25, 5.75, 8.75]},
			"faces": {
				"north": {"uv": [7, 6.75, 7.25, 8.25], "texture": "#1"},
				"east": {"uv": [6, 6.75, 7, 8.25], "texture": "#1"},
				"south": {"uv": [8.25, 6.75, 8.5, 8.25], "texture": "#1"},
				"west": {"uv": [7.25, 6.75, 8.25, 8.25], "texture": "#1"},
				"up": {"uv": [7.25, 6.75, 7, 5.75], "texture": "#1"},
				"down": {"uv": [7.5, 5.75, 7.25, 6.75], "texture": "#1"}
			}
		},
		{
			"from": [10.25, 9, 2.75],
			"to": [13.25, 11.5, 13],
			"rotation": {"angle": 0, "axis": "y", "origin": [11.375, 8.76517, 7.89017]},
			"faces": {
				"north": {"uv": [1.5, 12.5, 2.25, 13.25], "texture": "#1"},
				"east": {"uv": [10, 11.5, 12.5, 12.25], "texture": "#1"},
				"south": {"uv": [2.25, 12.5, 3, 13.25], "texture": "#1"},
				"west": {"uv": [11.75, 3.25, 14.25, 4], "texture": "#1"},
				"up": {"uv": [12.5, 6.5, 11.75, 4], "texture": "#1"},
				"down": {"uv": [10.75, 12.25, 10, 14.75], "texture": "#1"}
			}
		},
		{
			"name": "antenna",
			"from": [12.25, 7.25, 10.5],
			"to": [13.75, 14.25, 12],
			"rotation": {"angle": 22.5, "axis": "x", "origin": [13.25, 10.5, 11.5]},
			"faces": {
				"north": {"uv": [10.75, 12.25, 11.25, 14], "texture": "#1"},
				"east": {"uv": [11.25, 12.25, 11.75, 14], "texture": "#1"},
				"south": {"uv": [11.75, 12.25, 12.25, 14], "texture": "#1"},
				"west": {"uv": [12.25, 12.25, 12.75, 14], "texture": "#1"},
				"up": {"uv": [4.5, 13, 4, 12.5], "texture": "#1"},
				"down": {"uv": [13, 4, 12.5, 4.5], "texture": "#1"}
			}
		},
		{
			"name": "main inverted",
			"from": [12.75, 10.75, 12.75],
			"to": [3.25, 1.25, 3.25],
			"rotation": {"angle": 0, "axis": "y", "origin": [3.25, 1.25, 3.25]},
			"faces": {
				"north": {"uv": [10, 10.75, 12.5, 8.25], "texture": "#1"},
				"east": {"uv": [10.5, 2.5, 13, 0], "texture": "#1"},
				"south": {"uv": [0, 12.5, 2.5, 10], "texture": "#1"},
				"west": {"uv": [2.5, 12.5, 5, 10], "texture": "#1"},
				"up": {"uv": [7.5, 10.75, 10, 13.25], "texture": "#1"},
				"down": {"uv": [5, 13.25, 7.5, 10.75], "texture": "#1"}
			}
		}
	],
	"display": {
		"thirdperson_righthand": {
			"rotation": [70, 0, 0],
			"translation": [-5.75, 4.25, 2.75]
		},
		"thirdperson_lefthand": {
			"rotation": [70, 0, 0],
			"translation": [-5.75, 4.25, 2.75]
		},
		"firstperson_righthand": {
			"translation": [-9.25, 0, 0]
		},
		"firstperson_lefthand": {
			"translation": [-9.25, 0, 0]
		},
		"ground": {
			"translation": [0, 2, 0],
			"scale": [0.5, 0.5, 0.5]
		},
		"gui": {
			"rotation": [30, 225, 0],
			"scale": [0.625, 0.625, 0.625]
		},
		"head": {
			"translation": [0, 2.6, 0],
			"scale": [1.6, 1.6, 1.6]
		},
		"fixed": {
			"rotation": [-90, 0, 0],
			"translation": [0, 0, -6.75],
			"scale": [1.2, 1.2, 1.2]
		}
	},
	"groups": [
		{
			"name": "helmet",
			"origin": [8, 24, 8],
			"color": 0,
			"children": [0, 1, 2, 3, 4, 5, 6, 7, 8, 9, 10]
		},
		11
	]
}