{
	"textures": {
		"1": "animated_java:blueprint/mech_legs/mech",
		"particle": "minecraft:item/pufferfish"
	},
	"display": {
		"head": {
			"rotation": [0, 180, 0]
		}
	},
	"elements": [
		{
			"from": [6, 2.452, 7.90608],
			"to": [10, 10.452, 9.90608],
			"rotation": {
				"angle": 22.5,
				"axis": "x",
				"origin": [8, -1.548, 8.40608]
			},
			"faces": {
				"north": {
					"uv": [5.6875, 5.75, 5.9375, 6.25],
					"texture": "#1"
				},
				"east": {
					"uv": [1.125, 2, 1.25, 2.5],
					"texture": "#1"
				},
				"south": {
					"uv": [1.8125, 5.875, 2.0625, 6.375],
					"texture": "#1"
				},
				"west": {
					"uv": [2.5625, 6.75, 2.6875, 7.25],
					"texture": "#1"
				},
				"up": {
					"uv": [6.0625, 5.25, 5.8125, 5.125],
					"texture": "#1"
				},
				"down": {
					"uv": [6.75, 1.1875, 6.5, 1.3125],
					"texture": "#1"
				}
			}
		},
		{
			"from": [6, 8.96453, 12.3841],
			"to": [10, 13.96453, 14.3841],
			"rotation": {
				"angle": 0,
				"axis": "y",
				"origin": [8, 10.96453, 12.8841]
			},
			"faces": {
				"north": {
					"uv": [6.8125, 6.25, 7.0625, 6.5625],
					"texture": "#1"
				},
				"east": {
					"uv": [2.375, 4.6875, 2.5, 5],
					"texture": "#1"
				},
				"south": {
					"uv": [6.8125, 6.625, 7.0625, 6.9375],
					"texture": "#1"
				},
				"west": {
					"uv": [6.1875, 3.1875, 6.3125, 3.5],
					"texture": "#1"
				},
				"up": {
					"uv": [7.8125, 4.3125, 7.5625, 4.1875],
					"texture": "#1"
				},
				"down": {
					"uv": [5.125, 7.6875, 4.875, 7.8125],
					"texture": "#1"
				}
			}
		},
		{
			"from": [5, -9.548, 2.90608],
			"to": [11, 11.452, 8.90608],
			"rotation": {
				"angle": 22.5,
				"axis": "x",
				"origin": [8, -1.548, 8.40608]
			},
			"faces": {
				"north": {
					"uv": [0.6875, 2, 1.0625, 3.3125],
					"texture": "#1"
				},
				"east": {
					"uv": [2.0625, 1.625, 2.4375, 2.9375],
					"texture": "#1"
				},
				"south": {
					"uv": [2.1875, 0, 2.5625, 1.3125],
					"texture": "#1"
				},
				"west": {
					"uv": [2.5, 1.375, 2.875, 2.6875],
					"texture": "#1"
				},
				"up": {
					"uv": [5.8125, 4.375, 5.4375, 4],
					"texture": "#1"
				},
				"down": {
					"uv": [5.8125, 4.4375, 5.4375, 4.8125],
					"texture": "#1"
				}
			}
		},
		{
			"from": [6, 5.452, 3.90608],
			"to": [10, 12.452, 7.90608],
			"rotation": {
				"angle": 22.5,
				"axis": "x",
				"origin": [8, -1.548, 8.40608]
			},
			"faces": {
				"north": {
					"uv": [5.375, 6, 5.625, 6.4375],
					"texture": "#1"
				},
				"east": {
					"uv": [3.4375, 6.0625, 3.6875, 6.5],
					"texture": "#1"
				},
				"south": {
					"uv": [6.1875, 4, 6.4375, 4.4375],
					"texture": "#1"
				},
				"west": {
					"uv": [6.1875, 4.5, 6.4375, 4.9375],
					"texture": "#1"
				},
				"up": {
					"uv": [7.375, 5.375, 7.125, 5.125],
					"texture": "#1"
				},
				"down": {
					"uv": [5.5, 7.125, 5.25, 7.375],
					"texture": "#1"
				}
			}
		},
		{
			"from": [6, -1.74146, -0.14871],
			"to": [10, 6.25854, 1.85129],
			"rotation": {
				"angle": -22.5,
				"axis": "x",
				"origin": [8, 4.25854, 1.85129]
			},
			"faces": {
				"north": {
					"uv": [2.125, 5.875, 2.375, 6.375],
					"texture": "#1"
				},
				"east": {
					"uv": [6.625, 7.0625, 6.75, 7.5625],
					"texture": "#1"
				},
				"south": {
					"uv": [5.875, 4, 6.125, 4.5],
					"texture": "#1"
				},
				"west": {
					"uv": [0, 7.125, 0.125, 7.625],
					"texture": "#1"
				},
				"up": {
					"uv": [7.9375, 5.4375, 7.6875, 5.3125],
					"texture": "#1"
				},
				"down": {
					"uv": [7.9375, 5.5, 7.6875, 5.625],
					"texture": "#1"
				}
			}
		}
	]
}