{
	"textures": {
		"1": "animated_java:blueprint/mech_legs/mech",
		"particle": "minecraft:item/pufferfish"
	},
	"display": {
		"head": {
			"rotation": [0, 180, 0]
		}
	},
	"elements": [
		{
			"from": [6, 2.452, 7.90608],
			"to": [10, 10.452, 9.90608],
			"rotation": {
				"angle": 22.5,
				"axis": "x",
				"origin": [8, -1.548, 8.40608]
			},
			"faces": {
				"north": {
					"uv": [4.375, 5.875, 4.625, 6.375],
					"texture": "#1"
				},
				"east": {
					"uv": [7.125, 5.4375, 7.25, 5.9375],
					"texture": "#1"
				},
				"south": {
					"uv": [5.875, 4.5625, 6.125, 5.0625],
					"texture": "#1"
				},
				"west": {
					"uv": [7.125, 6, 7.25, 6.5],
					"texture": "#1"
				},
				"up": {
					"uv": [4.125, 7.875, 3.875, 7.75],
					"texture": "#1"
				},
				"down": {
					"uv": [8, 6.625, 7.75, 6.75],
					"texture": "#1"
				}
			}
		},
		{
			"from": [5, -9.548, 2.90608],
			"to": [11, 11.452, 8.90608],
			"rotation": {
				"angle": 22.5,
				"axis": "x",
				"origin": [8, -1.548, 8.40608]
			},
			"faces": {
				"north": {
					"uv": [1.0625, 2, 0.6875, 3.3125],
					"texture": "#1"
				},
				"east": {
					"uv": [2.875, 1.375, 2.5, 2.6875],
					"texture": "#1"
				},
				"south": {
					"uv": [2.5625, 0, 2.1875, 1.3125],
					"texture": "#1"
				},
				"west": {
					"uv": [2.4375, 1.625, 2.0625, 2.9375],
					"texture": "#1"
				},
				"up": {
					"uv": [5.4375, 4.375, 5.8125, 4],
					"texture": "#1"
				},
				"down": {
					"uv": [5.4375, 4.4375, 5.8125, 4.8125],
					"texture": "#1"
				}
			}
		},
		{
			"from": [6, 8.96453, 12.3841],
			"to": [10, 13.96453, 14.3841],
			"rotation": {
				"angle": 0,
				"axis": "y",
				"origin": [8, 10.96453, 12.8841]
			},
			"faces": {
				"north": {
					"uv": [1.75, 6.9375, 2, 7.25],
					"texture": "#1"
				},
				"east": {
					"uv": [7.5, 5.75, 7.625, 6.0625],
					"texture": "#1"
				},
				"south": {
					"uv": [4.375, 7, 4.625, 7.3125],
					"texture": "#1"
				},
				"west": {
					"uv": [0.1875, 7.5625, 0.3125, 7.875],
					"texture": "#1"
				},
				"up": {
					"uv": [8, 6.9375, 7.75, 6.8125],
					"texture": "#1"
				},
				"down": {
					"uv": [8, 7, 7.75, 7.125],
					"texture": "#1"
				}
			}
		},
		{
			"from": [6, 5.452, 3.90608],
			"to": [10, 12.452, 7.90608],
			"rotation": {
				"angle": 22.5,
				"axis": "x",
				"origin": [8, -1.548, 8.40608]
			},
			"faces": {
				"north": {
					"uv": [6, 6.25, 6.25, 6.6875],
					"texture": "#1"
				},
				"east": {
					"uv": [5.6875, 6.3125, 5.9375, 6.75],
					"texture": "#1"
				},
				"south": {
					"uv": [6.3125, 6.25, 6.5625, 6.6875],
					"texture": "#1"
				},
				"west": {
					"uv": [6.375, 3.1875, 6.625, 3.625],
					"texture": "#1"
				},
				"up": {
					"uv": [7.375, 6.8125, 7.125, 6.5625],
					"texture": "#1"
				},
				"down": {
					"uv": [7.375, 6.875, 7.125, 7.125],
					"texture": "#1"
				}
			}
		},
		{
			"from": [6, -1.74146, -0.14871],
			"to": [10, 6.25854, 1.85129],
			"rotation": {
				"angle": -22.5,
				"axis": "x",
				"origin": [8, 4.25854, 1.85129]
			},
			"faces": {
				"north": {
					"uv": [4.6875, 5.875, 4.9375, 6.375],
					"texture": "#1"
				},
				"east": {
					"uv": [7.1875, 1.5, 7.3125, 2],
					"texture": "#1"
				},
				"south": {
					"uv": [0, 5.9375, 0.25, 6.4375],
					"texture": "#1"
				},
				"west": {
					"uv": [7.1875, 2.0625, 7.3125, 2.5625],
					"texture": "#1"
				},
				"up": {
					"uv": [8, 7.3125, 7.75, 7.1875],
					"texture": "#1"
				},
				"down": {
					"uv": [8, 7.625, 7.75, 7.75],
					"texture": "#1"
				}
			}
		}
	]
}