{
    "condition": "minecraft:any_of",
    "terms": [
      {
        "condition": "minecraft:location_check",
        "predicate": {
          "biomes": [
            "minecraft:the_end",
            "minecraft:end_barrens",
            "minecraft:end_highlands",
            "minecraft:end_midlands",
            "minecraft:small_end_islands"
          ]
        }
      },
      {
        "condition": "minecraft:location_check",
        "predicate": {
          "dimension": "minecraft:the_end"
        }
      }
    ]
  }
  