{
    "condition": "minecraft:any_of",
    "terms": [
      {
        "condition": "minecraft:location_check",
        "predicate": {
          "biomes": [
            "minecraft:nether_wastes",
            "minecraft:basalt_deltas",
            "minecraft:soul_sand_valley",
            "minecraft:warped_forest",
            "minecraft:crimson_forest"
          ]
        }
      },
      {
        "condition": "minecraft:location_check",
        "predicate": {
          "dimension": "minecraft:the_nether"
        }
      }
    ]
  }
  