{
    "condition": "minecraft:any_of",
    "terms": [
      {
        "condition": "minecraft:value_check",
        "value": {
          "type": "minecraft:score",
          "target": "this",
          "score": "frw_tl"
        },
        "range": {
          "min": 4,
          "max": 254
        }
      },
      {
        "condition": "minecraft:value_check",
        "value": {
          "type": "minecraft:storage",
          "storage": "fishingrework:data",
          "path": "luck_tier"
        },
        "range": {
          "min": 4,
          "max": 254
        }
      }
    ]
  }
  