{
	"texture_size": [128, 128],
	"textures": {
		"2": "expansion:blocks/tesla_coil/tesla_coil",
		"particle": "expansion:blocks/tesla_coil/tesla_coil"
	},
	"elements": [
		{
			"from": [0, 0, 0],
			"to": [16, 16, 16],
			"faces": {
				"north": {"uv": [0, 0, 2, 2], "texture": "#2"},
				"east": {"uv": [0, 2.125, 2, 4.125], "texture": "#2"},
				"south": {"uv": [2.125, 0, 4.125, 2], "texture": "#2"},
				"west": {"uv": [2.125, 2.125, 4.125, 4.125], "texture": "#2"},
				"up": {"uv": [2, 6.25, 0, 4.25], "texture": "#2"},
				"down": {"uv": [6.25, 0, 4.25, 2], "texture": "#2"}
			}
		},
		{
			"name": "octagon",
			"from": [4.68629, 29, 0],
			"to": [11.31371, 32, 3],
			"rotation": {"angle": 45, "axis": "y", "origin": [8, 30, 8]},
			"faces": {
				"north": {"uv": [3.25, 6.125, 4.125, 6.5], "texture": "#2"},
				"east": {"uv": [2.625, 7.875, 3, 8.25], "texture": "#2"},
				"south": {"uv": [6.25, 2.125, 7.125, 2.5], "texture": "#2"},
				"west": {"uv": [7.75, 7.875, 8.125, 8.25], "texture": "#2"},
				"up": {"uv": [7.125, 3, 6.25, 2.625], "texture": "#2"},
				"down": {"uv": [7.125, 3.125, 6.25, 3.5], "texture": "#2"}
			}
		},
		{
			"name": "octagon",
			"from": [4.68629, 29.001, 0],
			"to": [11.31371, 31.999, 3],
			"rotation": {"angle": 0, "axis": "y", "origin": [8, 30, 8]},
			"faces": {
				"north": {"uv": [6.25, 3.625, 7.125, 4], "texture": "#2"},
				"east": {"uv": [3.125, 8, 3.5, 8.375], "texture": "#2"},
				"south": {"uv": [6.25, 4.125, 7.125, 4.5], "texture": "#2"},
				"west": {"uv": [5.875, 8, 6.25, 8.375], "texture": "#2"},
				"up": {"uv": [7.125, 5, 6.25, 4.625], "texture": "#2"},
				"down": {"uv": [7.125, 5.125, 6.25, 5.5], "texture": "#2"}
			}
		},
		{
			"name": "octagon",
			"from": [4.68629, 29.001, 13],
			"to": [11.31371, 31.999, 16],
			"rotation": {"angle": 0, "axis": "y", "origin": [8, 30, 8]},
			"faces": {
				"north": {"uv": [6.875, 1, 7.75, 1.375], "texture": "#2"},
				"east": {"uv": [8.125, 6.875, 8.5, 7.25], "texture": "#2"},
				"south": {"uv": [6.875, 1.5, 7.75, 1.875], "texture": "#2"},
				"west": {"uv": [8.25, 0.5, 8.625, 0.875], "texture": "#2"},
				"up": {"uv": [7.125, 7.5, 6.25, 7.125], "texture": "#2"},
				"down": {"uv": [8.125, 2, 7.25, 2.375], "texture": "#2"}
			}
		},
		{
			"name": "octagon",
			"from": [13, 29.001, 4.68629],
			"to": [16, 31.999, 11.31371],
			"rotation": {"angle": 0, "axis": "y", "origin": [8, 30.5, 8]},
			"faces": {
				"north": {"uv": [8.25, 1, 8.625, 1.375], "texture": "#2"},
				"east": {"uv": [7.25, 2.5, 8.125, 2.875], "texture": "#2"},
				"south": {"uv": [1.125, 8.25, 1.5, 8.625], "texture": "#2"},
				"west": {"uv": [7.25, 3, 8.125, 3.375], "texture": "#2"},
				"up": {"uv": [1.875, 7.75, 1.5, 6.875], "texture": "#2"},
				"down": {"uv": [7.625, 3.5, 7.25, 4.375], "texture": "#2"}
			}
		},
		{
			"name": "octagon",
			"from": [0, 29.001, 4.68629],
			"to": [3, 31.999, 11.31371],
			"rotation": {"angle": 0, "axis": "y", "origin": [8, 30.5, 8]},
			"faces": {
				"north": {"uv": [8.625, 1, 8.25, 1.375], "texture": "#2"},
				"east": {"uv": [8.125, 3, 7.25, 3.375], "texture": "#2"},
				"south": {"uv": [1.5, 8.25, 1.125, 8.625], "texture": "#2"},
				"west": {"uv": [8.125, 2.5, 7.25, 2.875], "texture": "#2"},
				"up": {"uv": [1.5, 7.75, 1.875, 6.875], "texture": "#2"},
				"down": {"uv": [7.25, 3.5, 7.625, 4.375], "texture": "#2"}
			}
		},
		{
			"name": "octagon",
			"from": [4.68629, 29, 13],
			"to": [11.31371, 32, 16],
			"rotation": {"angle": 45, "axis": "y", "origin": [8, 30, 8]},
			"faces": {
				"north": {"uv": [6.25, 5.625, 7.125, 6], "texture": "#2"},
				"east": {"uv": [8, 7.375, 8.375, 7.75], "texture": "#2"},
				"south": {"uv": [6.25, 6.125, 7.125, 6.5], "texture": "#2"},
				"west": {"uv": [0, 8.125, 0.375, 8.5], "texture": "#2"},
				"up": {"uv": [0.875, 6.75, 0, 6.375], "texture": "#2"},
				"down": {"uv": [7.25, 0, 6.375, 0.375], "texture": "#2"}
			}
		},
		{
			"name": "octagon",
			"from": [0, 29, 4.68629],
			"to": [3, 32, 11.31371],
			"rotation": {"angle": 45, "axis": "y", "origin": [8, 30, 8]},
			"faces": {
				"north": {"uv": [8.125, 0, 8.5, 0.375], "texture": "#2"},
				"east": {"uv": [6.375, 0.5, 7.25, 0.875], "texture": "#2"},
				"south": {"uv": [4.75, 8.125, 5.125, 8.5], "texture": "#2"},
				"west": {"uv": [1, 6.375, 1.875, 6.75], "texture": "#2"},
				"up": {"uv": [6.75, 1.875, 6.375, 1], "texture": "#2"},
				"down": {"uv": [3.625, 6.625, 3.25, 7.5], "texture": "#2"}
			}
		},
		{
			"name": "octagon",
			"from": [13, 29, 4.68629],
			"to": [16, 32, 11.31371],
			"rotation": {"angle": 45, "axis": "y", "origin": [8, 30, 8]},
			"faces": {
				"north": {"uv": [8.125, 5.875, 8.5, 6.25], "texture": "#2"},
				"east": {"uv": [6.25, 6.625, 7.125, 7], "texture": "#2"},
				"south": {"uv": [8.125, 6.375, 8.5, 6.75], "texture": "#2"},
				"west": {"uv": [0, 6.875, 0.875, 7.25], "texture": "#2"},
				"up": {"uv": [4.125, 7.5, 3.75, 6.625], "texture": "#2"},
				"down": {"uv": [1.375, 6.875, 1, 7.75], "texture": "#2"}
			}
		},
		{
			"name": "octagon",
			"from": [7.5, 30, 7.5],
			"to": [8.5, 31, 8.5],
			"rotation": {"angle": 0, "axis": "y", "origin": [8.32843, 22.5, 8.5]},
			"faces": {
				"north": {"uv": [7, 7.625, 7.125, 7.75], "texture": "#2"},
				"east": {"uv": [8.25, 5.25, 8.375, 5.375], "texture": "#2"},
				"south": {"uv": [2.25, 8.75, 2.375, 8.875], "texture": "#2"},
				"west": {"uv": [9.5, 2.125, 9.625, 2.25], "texture": "#2"},
				"up": {"uv": [9.625, 4.75, 9.5, 4.625], "texture": "#2"},
				"down": {"uv": [9.625, 4.875, 9.5, 5], "texture": "#2"}
			}
		},
		{
			"name": "octagon",
			"from": [7.5, 15, 11],
			"to": [8.5, 19, 12],
			"rotation": {"angle": 45, "axis": "x", "origin": [8, 17.5, 11.5]},
			"faces": {
				"north": {"uv": [6.375, 8, 6.5, 8.5], "texture": "#2"},
				"east": {"uv": [0.5, 8.125, 0.625, 8.625], "texture": "#2"},
				"south": {"uv": [5.25, 8.125, 5.375, 8.625], "texture": "#2"},
				"west": {"uv": [8.25, 7.875, 8.375, 8.375], "texture": "#2"},
				"up": {"uv": [9.625, 6, 9.5, 5.875], "texture": "#2"},
				"down": {"uv": [7.625, 9.5, 7.5, 9.625], "texture": "#2"}
			}
		},
		{
			"name": "octagon",
			"from": [5.27513, 17.37132, 7.5],
			"to": [6.27513, 21.37132, 8.5],
			"rotation": {"angle": 45, "axis": "z", "origin": [8, 17.14645, 8]},
			"faces": {
				"north": {"uv": [2.5, 8.375, 2.625, 8.875], "texture": "#2"},
				"east": {"uv": [2.75, 8.375, 2.875, 8.875], "texture": "#2"},
				"south": {"uv": [4, 8.375, 4.125, 8.875], "texture": "#2"},
				"west": {"uv": [4.25, 8.375, 4.375, 8.875], "texture": "#2"},
				"up": {"uv": [8.25, 9.625, 8.125, 9.5], "texture": "#2"},
				"down": {"uv": [8.5, 9.5, 8.375, 9.625], "texture": "#2"}
			}
		},
		{
			"name": "octagon",
			"from": [7.5, 15, 4],
			"to": [8.5, 19, 5],
			"rotation": {"angle": -45, "axis": "x", "origin": [8, 17.5, 4.5]},
			"faces": {
				"north": {"uv": [4.5, 8.375, 4.625, 8.875], "texture": "#2"},
				"east": {"uv": [6.625, 8.375, 6.75, 8.875], "texture": "#2"},
				"south": {"uv": [7.75, 8.375, 7.875, 8.875], "texture": "#2"},
				"west": {"uv": [8, 8.375, 8.125, 8.875], "texture": "#2"},
				"up": {"uv": [9.625, 8.875, 9.5, 8.75], "texture": "#2"},
				"down": {"uv": [9, 9.5, 8.875, 9.625], "texture": "#2"}
			}
		},
		{
			"name": "octagon",
			"from": [9.72487, 17.37132, 7.5],
			"to": [10.72487, 21.37132, 8.5],
			"rotation": {"angle": -45, "axis": "z", "origin": [8, 17.14645, 8]},
			"faces": {
				"north": {"uv": [3, 8.5, 3.125, 9], "texture": "#2"},
				"east": {"uv": [3.25, 8.5, 3.375, 9], "texture": "#2"},
				"south": {"uv": [8.5, 3.375, 8.625, 3.875], "texture": "#2"},
				"west": {"uv": [3.5, 8.5, 3.625, 9], "texture": "#2"},
				"up": {"uv": [9.625, 9.125, 9.5, 9], "texture": "#2"},
				"down": {"uv": [9.25, 9.5, 9.125, 9.625], "texture": "#2"}
			}
		},
		{
			"name": "octagon",
			"from": [8.71674, 27.61287, 7.17155],
			"to": [13.46674, 29.26977, 8.82845],
			"rotation": {"angle": 22.5, "axis": "z", "origin": [8.00002, 29.72196, 8]},
			"faces": {
				"north": {"uv": [0, 7.375, 0.625, 7.625], "texture": "#2"},
				"east": {"uv": [8.5, 5.25, 8.75, 5.5], "texture": "#2"},
				"south": {"uv": [7.375, 0, 8, 0.25], "texture": "#2"},
				"west": {"uv": [5.5, 8.5, 5.75, 8.75], "texture": "#2"},
				"up": {"uv": [8, 0.625, 7.375, 0.375], "texture": "#2"},
				"down": {"uv": [5.75, 7.375, 5.125, 7.625], "texture": "#2"}
			}
		},
		{
			"name": "octagon",
			"from": [7.17157, 28.75, 2.25],
			"to": [8.82847, 30.4069, 7],
			"rotation": {"angle": 22.5, "axis": "x", "origin": [8.00002, 29.57845, 5]},
			"faces": {
				"north": {"uv": [5.875, 8.5, 6.125, 8.75], "texture": "#2"},
				"east": {"uv": [7.25, 7.5, 7.875, 7.75], "texture": "#2"},
				"south": {"uv": [8.5, 7.375, 8.75, 7.625], "texture": "#2"},
				"west": {"uv": [3.25, 7.625, 3.875, 7.875], "texture": "#2"},
				"up": {"uv": [4.25, 8.25, 4, 7.625], "texture": "#2"},
				"down": {"uv": [4.625, 7.625, 4.375, 8.25], "texture": "#2"}
			}
		},
		{
			"name": "octagon",
			"from": [2.5333, 27.61287, 7.17155],
			"to": [7.2833, 29.26977, 8.82845],
			"rotation": {"angle": -22.5, "axis": "z", "origin": [8.00002, 29.72196, 8]},
			"faces": {
				"north": {"uv": [5.875, 7.625, 6.5, 7.875], "texture": "#2"},
				"east": {"uv": [8.5, 7.75, 8.75, 8], "texture": "#2"},
				"south": {"uv": [0, 7.75, 0.625, 8], "texture": "#2"},
				"west": {"uv": [8.5, 8.125, 8.75, 8.375], "texture": "#2"},
				"up": {"uv": [8.375, 3.75, 7.75, 3.5], "texture": "#2"},
				"down": {"uv": [8.375, 3.875, 7.75, 4.125], "texture": "#2"}
			}
		},
		{
			"name": "octagon",
			"from": [7.17157, 28.75, 9],
			"to": [8.82847, 30.4069, 13.75],
			"rotation": {"angle": -22.5, "axis": "x", "origin": [8.00002, 29.57845, 11]},
			"faces": {
				"north": {"uv": [8.25, 8.5, 8.5, 8.75], "texture": "#2"},
				"east": {"uv": [4.75, 7.75, 5.375, 8], "texture": "#2"},
				"south": {"uv": [0, 8.625, 0.25, 8.875], "texture": "#2"},
				"west": {"uv": [7.75, 5.5, 8.375, 5.75], "texture": "#2"},
				"up": {"uv": [6.875, 8.25, 6.625, 7.625], "texture": "#2"},
				"down": {"uv": [5.75, 7.75, 5.5, 8.375], "texture": "#2"}
			}
		},
		{
			"name": "octagon",
			"from": [5.92893, 18.15, 3],
			"to": [10.07107, 19.15, 4],
			"rotation": {"angle": 45, "axis": "y", "origin": [8, 18.65, 8]},
			"faces": {
				"north": {"uv": [8.5, 4, 9, 4.125], "texture": "#2"},
				"east": {"uv": [9.375, 9.5, 9.5, 9.625], "texture": "#2"},
				"south": {"uv": [8.5, 5.625, 9, 5.75], "texture": "#2"},
				"west": {"uv": [0.875, 9.625, 1, 9.75], "texture": "#2"},
				"up": {"uv": [9.125, 0.125, 8.625, 0], "texture": "#2"},
				"down": {"uv": [9.125, 0.25, 8.625, 0.375], "texture": "#2"}
			}
		},
		{
			"name": "octagon",
			"from": [5.92893, 18.15, 3],
			"to": [10.07107, 19.15, 4],
			"rotation": {"angle": 0, "axis": "y", "origin": [8, 18.65, 8]},
			"faces": {
				"north": {"uv": [8.625, 1.5, 9.125, 1.625], "texture": "#2"},
				"east": {"uv": [9.625, 1.75, 9.75, 1.875], "texture": "#2"},
				"south": {"uv": [8.625, 2.375, 9.125, 2.5], "texture": "#2"},
				"west": {"uv": [1.875, 9.625, 2, 9.75], "texture": "#2"},
				"up": {"uv": [9.125, 2.75, 8.625, 2.625], "texture": "#2"},
				"down": {"uv": [9.125, 2.875, 8.625, 3], "texture": "#2"}
			}
		},
		{
			"name": "octagon",
			"from": [5.92893, 18.15, 12],
			"to": [10.07107, 19.15, 13],
			"rotation": {"angle": 45, "axis": "y", "origin": [8, 18.65, 8]},
			"faces": {
				"north": {"uv": [8.625, 3.125, 9.125, 3.25], "texture": "#2"},
				"east": {"uv": [2.625, 9.625, 2.75, 9.75], "texture": "#2"},
				"south": {"uv": [8.625, 4.25, 9.125, 4.375], "texture": "#2"},
				"west": {"uv": [2.875, 9.625, 3, 9.75], "texture": "#2"},
				"up": {"uv": [9.125, 4.625, 8.625, 4.5], "texture": "#2"},
				"down": {"uv": [9.125, 4.75, 8.625, 4.875], "texture": "#2"}
			}
		},
		{
			"name": "octagon",
			"from": [5.92893, 18.15, 12],
			"to": [10.07107, 19.15, 13],
			"rotation": {"angle": 0, "axis": "y", "origin": [8, 18.65, 8]},
			"faces": {
				"north": {"uv": [8.625, 5, 9.125, 5.125], "texture": "#2"},
				"east": {"uv": [3.125, 9.625, 3.25, 9.75], "texture": "#2"},
				"south": {"uv": [8.625, 5.875, 9.125, 6], "texture": "#2"},
				"west": {"uv": [9.625, 3.375, 9.75, 3.5], "texture": "#2"},
				"up": {"uv": [9.125, 6.25, 8.625, 6.125], "texture": "#2"},
				"down": {"uv": [9.125, 6.375, 8.625, 6.5], "texture": "#2"}
			}
		},
		{
			"name": "octagon",
			"from": [3, 18.15, 5.92893],
			"to": [4, 19.15, 10.07107],
			"rotation": {"angle": 45, "axis": "y", "origin": [8, 18.65, 8]},
			"faces": {
				"north": {"uv": [3.625, 9.625, 3.75, 9.75], "texture": "#2"},
				"east": {"uv": [8.625, 6.625, 9.125, 6.75], "texture": "#2"},
				"south": {"uv": [9.625, 3.625, 9.75, 3.75], "texture": "#2"},
				"west": {"uv": [8.625, 6.875, 9.125, 7], "texture": "#2"},
				"up": {"uv": [3.875, 9, 3.75, 8.5], "texture": "#2"},
				"down": {"uv": [0.875, 8.625, 0.75, 9.125], "texture": "#2"}
			}
		},
		{
			"name": "octagon",
			"from": [3, 18.15, 5.92893],
			"to": [4, 19.15, 10.07107],
			"rotation": {"angle": 0, "axis": "y", "origin": [8, 18.65, 8]},
			"faces": {
				"north": {"uv": [9.625, 3.875, 9.75, 4], "texture": "#2"},
				"east": {"uv": [8.625, 7.125, 9.125, 7.25], "texture": "#2"},
				"south": {"uv": [9.625, 5.125, 9.75, 5.25], "texture": "#2"},
				"west": {"uv": [8.625, 8.5, 9.125, 8.625], "texture": "#2"},
				"up": {"uv": [4.875, 9.125, 4.75, 8.625], "texture": "#2"},
				"down": {"uv": [5.125, 8.625, 5, 9.125], "texture": "#2"}
			}
		},
		{
			"name": "octagon",
			"from": [12, 18.15, 5.92893],
			"to": [13, 19.15, 10.07107],
			"rotation": {"angle": 45, "axis": "y", "origin": [8, 18.65, 8]},
			"faces": {
				"north": {"uv": [9.625, 5.375, 9.75, 5.5], "texture": "#2"},
				"east": {"uv": [8.75, 0.5, 9.25, 0.625], "texture": "#2"},
				"south": {"uv": [9.625, 5.625, 9.75, 5.75], "texture": "#2"},
				"west": {"uv": [8.75, 0.75, 9.25, 0.875], "texture": "#2"},
				"up": {"uv": [6.375, 9.125, 6.25, 8.625], "texture": "#2"},
				"down": {"uv": [0.5, 8.75, 0.375, 9.25], "texture": "#2"}
			}
		},
		{
			"name": "octagon",
			"from": [12, 18.15, 5.92893],
			"to": [13, 19.15, 10.07107],
			"rotation": {"angle": 0, "axis": "y", "origin": [8, 18.65, 8]},
			"faces": {
				"north": {"uv": [5.75, 9.625, 5.875, 9.75], "texture": "#2"},
				"east": {"uv": [1, 8.75, 1.5, 8.875], "texture": "#2"},
				"south": {"uv": [9.625, 6.125, 9.75, 6.25], "texture": "#2"},
				"west": {"uv": [8.75, 1, 9.25, 1.125], "texture": "#2"},
				"up": {"uv": [1.75, 9.25, 1.625, 8.75], "texture": "#2"},
				"down": {"uv": [8.875, 1.75, 8.75, 2.25], "texture": "#2"}
			}
		},
		{
			"name": "octagon",
			"from": [6.34315, 16.65, 4],
			"to": [9.65685, 17.65, 5],
			"rotation": {"angle": 45, "axis": "y", "origin": [8, 17.15, 8]},
			"faces": {
				"north": {"uv": [7.375, 0.75, 7.75, 0.875], "texture": "#2"},
				"east": {"uv": [6.25, 9.625, 6.375, 9.75], "texture": "#2"},
				"south": {"uv": [7.75, 4.25, 8.125, 4.375], "texture": "#2"},
				"west": {"uv": [9.625, 6.375, 9.75, 6.5], "texture": "#2"},
				"up": {"uv": [9.125, 1.375, 8.75, 1.25], "texture": "#2"},
				"down": {"uv": [9.125, 3.75, 8.75, 3.875], "texture": "#2"}
			}
		},
		{
			"name": "octagon",
			"from": [6.34315, 16.65, 4],
			"to": [9.65685, 17.65, 5],
			"rotation": {"angle": 0, "axis": "y", "origin": [8, 17.15, 8]},
			"faces": {
				"north": {"uv": [9, 2.125, 9.375, 2.25], "texture": "#2"},
				"east": {"uv": [6.5, 9.625, 6.625, 9.75], "texture": "#2"},
				"south": {"uv": [4, 9, 4.375, 9.125], "texture": "#2"},
				"west": {"uv": [9.625, 6.625, 9.75, 6.75], "texture": "#2"},
				"up": {"uv": [8, 9.125, 7.625, 9], "texture": "#2"},
				"down": {"uv": [9.375, 8.75, 9, 8.875], "texture": "#2"}
			}
		},
		{
			"name": "octagon",
			"from": [6.34315, 16.65, 11],
			"to": [9.65685, 17.65, 12],
			"rotation": {"angle": 45, "axis": "y", "origin": [8, 17.15, 8]},
			"faces": {
				"north": {"uv": [9, 9, 9.375, 9.125], "texture": "#2"},
				"east": {"uv": [6.75, 9.625, 6.875, 9.75], "texture": "#2"},
				"south": {"uv": [2.625, 9.125, 3, 9.25], "texture": "#2"},
				"west": {"uv": [9.625, 6.875, 9.75, 7], "texture": "#2"},
				"up": {"uv": [3.5, 9.25, 3.125, 9.125], "texture": "#2"},
				"down": {"uv": [9.5, 3.375, 9.125, 3.5], "texture": "#2"}
			}
		},
		{
			"name": "octagon",
			"from": [6.34315, 16.65, 11],
			"to": [9.65685, 17.65, 12],
			"rotation": {"angle": 0, "axis": "y", "origin": [8, 17.15, 8]},
			"faces": {
				"north": {"uv": [9.125, 4, 9.5, 4.125], "texture": "#2"},
				"east": {"uv": [7, 9.625, 7.125, 9.75], "texture": "#2"},
				"south": {"uv": [9.125, 5.625, 9.5, 5.75], "texture": "#2"},
				"west": {"uv": [9.625, 7.125, 9.75, 7.25], "texture": "#2"},
				"up": {"uv": [6.875, 9.25, 6.5, 9.125], "texture": "#2"},
				"down": {"uv": [7.375, 9.125, 7, 9.25], "texture": "#2"}
			}
		},
		{
			"name": "octagon",
			"from": [4, 16.65, 6.34315],
			"to": [5, 17.65, 9.65685],
			"rotation": {"angle": 45, "axis": "y", "origin": [8, 17.15, 8]},
			"faces": {
				"north": {"uv": [9.625, 7.375, 9.75, 7.5], "texture": "#2"},
				"east": {"uv": [9.25, 0, 9.625, 0.125], "texture": "#2"},
				"south": {"uv": [9.625, 7.625, 9.75, 7.75], "texture": "#2"},
				"west": {"uv": [9.25, 0.25, 9.625, 0.375], "texture": "#2"},
				"up": {"uv": [0.875, 7.75, 0.75, 7.375], "texture": "#2"},
				"down": {"uv": [6.125, 8.875, 6, 9.25], "texture": "#2"}
			}
		},
		{
			"name": "octagon",
			"from": [4, 16.65, 6.34315],
			"to": [5, 17.65, 9.65685],
			"rotation": {"angle": 0, "axis": "y", "origin": [8, 17.15, 8]},
			"faces": {
				"north": {"uv": [7.75, 9.625, 7.875, 9.75], "texture": "#2"},
				"east": {"uv": [9.25, 1.25, 9.625, 1.375], "texture": "#2"},
				"south": {"uv": [9.625, 7.875, 9.75, 8], "texture": "#2"},
				"west": {"uv": [9.25, 1.5, 9.625, 1.625], "texture": "#2"},
				"up": {"uv": [1.5, 9.375, 1.375, 9], "texture": "#2"},
				"down": {"uv": [4.625, 9, 4.5, 9.375], "texture": "#2"}
			}
		},
		{
			"name": "octagon",
			"from": [11, 16.65, 6.34315],
			"to": [12, 17.65, 9.65685],
			"rotation": {"angle": 45, "axis": "y", "origin": [8, 17.15, 8]},
			"faces": {
				"north": {"uv": [9.625, 8.125, 9.75, 8.25], "texture": "#2"},
				"east": {"uv": [9.25, 2.375, 9.625, 2.5], "texture": "#2"},
				"south": {"uv": [9.625, 8.375, 9.75, 8.5], "texture": "#2"},
				"west": {"uv": [9.25, 2.625, 9.625, 2.75], "texture": "#2"},
				"up": {"uv": [2, 9.5, 1.875, 9.125], "texture": "#2"},
				"down": {"uv": [3.75, 9.125, 3.625, 9.5], "texture": "#2"}
			}
		},
		{
			"name": "octagon",
			"from": [11, 16.65, 6.34315],
			"to": [12, 17.65, 9.65685],
			"rotation": {"angle": 0, "axis": "y", "origin": [8, 17.15, 8]},
			"faces": {
				"north": {"uv": [8.625, 9.625, 8.75, 9.75], "texture": "#2"},
				"east": {"uv": [9.25, 2.875, 9.625, 3], "texture": "#2"},
				"south": {"uv": [9.625, 9.25, 9.75, 9.375], "texture": "#2"},
				"west": {"uv": [9.25, 3.125, 9.625, 3.25], "texture": "#2"},
				"up": {"uv": [8.75, 9.5, 8.625, 9.125], "texture": "#2"},
				"down": {"uv": [0.75, 9.25, 0.625, 9.625], "texture": "#2"}
			}
		},
		{
			"from": [1, 16, 7],
			"to": [2, 19, 9],
			"rotation": {"angle": 0, "axis": "y", "origin": [8, 18.7071, 8]},
			"faces": {
				"north": {"uv": [9.25, 4.75, 9.375, 5.125], "texture": "#2"},
				"east": {"uv": [8.25, 4.25, 8.5, 4.625], "texture": "#2"},
				"south": {"uv": [5, 9.25, 5.125, 9.625], "texture": "#2"},
				"west": {"uv": [8.25, 4.75, 8.5, 5.125], "texture": "#2"},
				"up": {"uv": [0.125, 9.625, 0, 9.375], "texture": "#2"},
				"down": {"uv": [0.375, 9.375, 0.25, 9.625], "texture": "#2"}
			}
		},
		{
			"from": [2.41421, 19.41421, 7],
			"to": [4.41421, 20.41421, 9],
			"rotation": {"angle": 0, "axis": "x", "origin": [8, 18.7071, 8]},
			"faces": {
				"north": {"uv": [9.375, 0.5, 9.625, 0.625], "texture": "#2"},
				"east": {"uv": [9.375, 0.75, 9.625, 0.875], "texture": "#2"},
				"south": {"uv": [0.875, 9.375, 1.125, 9.5], "texture": "#2"},
				"west": {"uv": [9.375, 1, 9.625, 1.125], "texture": "#2"},
				"up": {"uv": [9.125, 7.625, 8.875, 7.375], "texture": "#2"},
				"down": {"uv": [9.125, 7.75, 8.875, 8], "texture": "#2"}
			}
		},
		{
			"from": [2.84314, 13.96447, 7],
			"to": [3.84314, 15.96447, 9],
			"rotation": {"angle": -45, "axis": "z", "origin": [8, 18.7071, 8]},
			"faces": {
				"north": {"uv": [1.625, 9.375, 1.75, 9.625], "texture": "#2"},
				"east": {"uv": [8.875, 8.125, 9.125, 8.375], "texture": "#2"},
				"south": {"uv": [9.375, 1.75, 9.5, 2], "texture": "#2"},
				"west": {"uv": [8.25, 8.875, 8.5, 9.125], "texture": "#2"},
				"up": {"uv": [2.25, 9.625, 2.125, 9.375], "texture": "#2"},
				"down": {"uv": [2.5, 9.375, 2.375, 9.625], "texture": "#2"}
			}
		},
		{
			"from": [12.15686, 13.96447, 7],
			"to": [13.15686, 15.96447, 9],
			"rotation": {"angle": 45, "axis": "z", "origin": [8, 18.7071, 8]},
			"faces": {
				"north": {"uv": [1.75, 9.375, 1.625, 9.625], "texture": "#2"},
				"east": {"uv": [8.5, 8.875, 8.25, 9.125], "texture": "#2"},
				"south": {"uv": [9.5, 1.75, 9.375, 2], "texture": "#2"},
				"west": {"uv": [9.125, 8.125, 8.875, 8.375], "texture": "#2"},
				"up": {"uv": [2.125, 9.625, 2.25, 9.375], "texture": "#2"},
				"down": {"uv": [2.375, 9.375, 2.5, 9.625], "texture": "#2"}
			}
		},
		{
			"from": [11.58579, 19.41421, 7],
			"to": [13.58579, 20.41421, 9],
			"rotation": {"angle": 0, "axis": "x", "origin": [8, 18.7071, 8]},
			"faces": {
				"north": {"uv": [9.625, 0.5, 9.375, 0.625], "texture": "#2"},
				"east": {"uv": [9.625, 1, 9.375, 1.125], "texture": "#2"},
				"south": {"uv": [1.125, 9.375, 0.875, 9.5], "texture": "#2"},
				"west": {"uv": [9.625, 0.75, 9.375, 0.875], "texture": "#2"},
				"up": {"uv": [8.875, 7.625, 9.125, 7.375], "texture": "#2"},
				"down": {"uv": [8.875, 7.75, 9.125, 8], "texture": "#2"}
			}
		},
		{
			"from": [14, 16, 7],
			"to": [15, 19, 9],
			"rotation": {"angle": 0, "axis": "y", "origin": [8, 18.7071, 8]},
			"faces": {
				"north": {"uv": [9.375, 4.75, 9.25, 5.125], "texture": "#2"},
				"east": {"uv": [8.5, 4.75, 8.25, 5.125], "texture": "#2"},
				"south": {"uv": [5.125, 9.25, 5, 9.625], "texture": "#2"},
				"west": {"uv": [8.5, 4.25, 8.25, 4.625], "texture": "#2"},
				"up": {"uv": [0, 9.625, 0.125, 9.375], "texture": "#2"},
				"down": {"uv": [0.25, 9.375, 0.375, 9.625], "texture": "#2"}
			}
		},
		{
			"from": [7, 13.96447, 12.15686],
			"to": [9, 15.96447, 13.15686],
			"rotation": {"angle": -45, "axis": "x", "origin": [8, 18.7071, 8]},
			"faces": {
				"north": {"uv": [9.125, 8.125, 8.875, 8.375], "texture": "#2"},
				"east": {"uv": [1.75, 9.375, 1.625, 9.625], "texture": "#2"},
				"south": {"uv": [8.5, 8.875, 8.25, 9.125], "texture": "#2"},
				"west": {"uv": [9.5, 1.75, 9.375, 2], "texture": "#2"},
				"up": {"uv": [2.125, 9.625, 2.25, 9.375], "rotation": 90, "texture": "#2"},
				"down": {"uv": [2.375, 9.375, 2.5, 9.625], "rotation": 270, "texture": "#2"}
			}
		},
		{
			"from": [7, 19.41421, 11.58579],
			"to": [9, 20.41421, 13.58579],
			"rotation": {"angle": 0, "axis": "x", "origin": [8, 18.7071, 8]},
			"faces": {
				"north": {"uv": [9.625, 0.75, 9.375, 0.875], "texture": "#2"},
				"east": {"uv": [9.625, 0.5, 9.375, 0.625], "texture": "#2"},
				"south": {"uv": [9.625, 1, 9.375, 1.125], "texture": "#2"},
				"west": {"uv": [1.125, 9.375, 0.875, 9.5], "texture": "#2"},
				"up": {"uv": [8.875, 7.625, 9.125, 7.375], "rotation": 90, "texture": "#2"},
				"down": {"uv": [8.875, 7.75, 9.125, 8], "rotation": 270, "texture": "#2"}
			}
		},
		{
			"from": [7, 16, 14],
			"to": [9, 19, 15],
			"rotation": {"angle": 0, "axis": "y", "origin": [8, 18.7071, 8]},
			"faces": {
				"north": {"uv": [8.5, 4.25, 8.25, 4.625], "texture": "#2"},
				"east": {"uv": [9.375, 4.75, 9.25, 5.125], "texture": "#2"},
				"south": {"uv": [8.5, 4.75, 8.25, 5.125], "texture": "#2"},
				"west": {"uv": [5.125, 9.25, 5, 9.625], "texture": "#2"},
				"up": {"uv": [0, 9.625, 0.125, 9.375], "rotation": 90, "texture": "#2"},
				"down": {"uv": [0.25, 9.375, 0.375, 9.625], "rotation": 270, "texture": "#2"}
			}
		},
		{
			"from": [7, 16, 1],
			"to": [9, 19, 2],
			"rotation": {"angle": 0, "axis": "y", "origin": [8, 18.7071, 8]},
			"faces": {
				"north": {"uv": [8.25, 4.75, 8.5, 5.125], "texture": "#2"},
				"east": {"uv": [9.25, 4.75, 9.375, 5.125], "texture": "#2"},
				"south": {"uv": [8.25, 4.25, 8.5, 4.625], "texture": "#2"},
				"west": {"uv": [5, 9.25, 5.125, 9.625], "texture": "#2"},
				"up": {"uv": [0.125, 9.625, 0, 9.375], "rotation": 90, "texture": "#2"},
				"down": {"uv": [0.375, 9.375, 0.25, 9.625], "rotation": 270, "texture": "#2"}
			}
		},
		{
			"from": [7, 13.96447, 2.84314],
			"to": [9, 15.96447, 3.84314],
			"rotation": {"angle": 45, "axis": "x", "origin": [8, 18.7071, 8]},
			"faces": {
				"north": {"uv": [8.25, 8.875, 8.5, 9.125], "texture": "#2"},
				"east": {"uv": [1.625, 9.375, 1.75, 9.625], "texture": "#2"},
				"south": {"uv": [8.875, 8.125, 9.125, 8.375], "texture": "#2"},
				"west": {"uv": [9.375, 1.75, 9.5, 2], "texture": "#2"},
				"up": {"uv": [2.25, 9.625, 2.125, 9.375], "rotation": 90, "texture": "#2"},
				"down": {"uv": [2.5, 9.375, 2.375, 9.625], "rotation": 270, "texture": "#2"}
			}
		},
		{
			"from": [7, 19.41421, 2.41421],
			"to": [9, 20.41421, 4.41421],
			"rotation": {"angle": 0, "axis": "x", "origin": [8, 18.7071, 8]},
			"faces": {
				"north": {"uv": [9.375, 1, 9.625, 1.125], "texture": "#2"},
				"east": {"uv": [9.375, 0.5, 9.625, 0.625], "texture": "#2"},
				"south": {"uv": [9.375, 0.75, 9.625, 0.875], "texture": "#2"},
				"west": {"uv": [0.875, 9.375, 1.125, 9.5], "texture": "#2"},
				"up": {"uv": [9.125, 7.625, 8.875, 7.375], "rotation": 90, "texture": "#2"},
				"down": {"uv": [9.125, 7.75, 8.875, 8], "rotation": 270, "texture": "#2"}
			}
		},
		{
			"name": "octagon",
			"from": [6.96447, 16, 5.5],
			"to": [9.03553, 29, 10.5],
			"rotation": {"angle": 45, "axis": "y", "origin": [8, 21, 8]},
			"faces": {
				"north": {"uv": [5.875, 5.875, 6.125, 7.5], "texture": "#2"},
				"east": {"uv": [4.375, 4, 5, 5.625], "texture": "#2"},
				"south": {"uv": [2.125, 6.125, 2.375, 7.75], "texture": "#2"},
				"west": {"uv": [5, 2.125, 5.625, 3.75], "texture": "#2"},
				"up": {"uv": [8, 6.5, 7.75, 5.875], "texture": "#2"},
				"down": {"uv": [8, 6.625, 7.75, 7.25], "texture": "#2"}
			}
		},
		{
			"name": "octagon",
			"from": [6.96447, 16, 5.5],
			"to": [9.03553, 30, 10.5],
			"rotation": {"angle": 0, "axis": "y", "origin": [8, 21, 8]},
			"faces": {
				"north": {"uv": [4.375, 5.75, 4.625, 7.5], "texture": "#2"},
				"east": {"uv": [2.125, 4.25, 2.75, 6], "texture": "#2"},
				"south": {"uv": [4.75, 5.75, 5, 7.5], "texture": "#2"},
				"west": {"uv": [4.25, 2.125, 4.875, 3.875], "texture": "#2"},
				"up": {"uv": [1, 8.5, 0.75, 7.875], "texture": "#2"},
				"down": {"uv": [8.125, 0.75, 7.875, 1.375], "texture": "#2"}
			}
		},
		{
			"name": "octagon",
			"from": [5.5, 16, 6.96447],
			"to": [10.5, 29, 9.03553],
			"rotation": {"angle": 45, "axis": "y", "origin": [8, 21, 8]},
			"faces": {
				"north": {"uv": [5.125, 3.875, 5.75, 5.5], "texture": "#2"},
				"east": {"uv": [2.5, 6.125, 2.75, 7.75], "texture": "#2"},
				"south": {"uv": [5.125, 5.625, 5.75, 7.25], "texture": "#2"},
				"west": {"uv": [2.875, 6.125, 3.125, 7.75], "texture": "#2"},
				"up": {"uv": [1.75, 8.125, 1.125, 7.875], "texture": "#2"},
				"down": {"uv": [8.5, 1.5, 7.875, 1.75], "texture": "#2"}
			}
		},
		{
			"name": "octagon",
			"from": [5.5, 16, 6.96447],
			"to": [10.5, 30, 9.03553],
			"rotation": {"angle": 0, "axis": "y", "origin": [8, 21, 8]},
			"faces": {
				"north": {"uv": [2.875, 4.25, 3.5, 6], "texture": "#2"},
				"east": {"uv": [5.875, 2.125, 6.125, 3.875], "texture": "#2"},
				"south": {"uv": [3.625, 4.25, 4.25, 6], "texture": "#2"},
				"west": {"uv": [5.875, 4, 6.125, 5.75], "texture": "#2"},
				"up": {"uv": [2.5, 8.125, 1.875, 7.875], "texture": "#2"},
				"down": {"uv": [7.625, 7.875, 7, 8.125], "texture": "#2"}
			}
		}
	],
	"display": {
		"thirdperson_righthand": {
			"rotation": [75, 45, 0],
			"translation": [0, 2.5, 0],
			"scale": [0.375, 0.375, 0.375]
		},
		"thirdperson_lefthand": {
			"rotation": [75, 45, 0],
			"translation": [0, 2.5, 0],
			"scale": [0.375, 0.375, 0.375]
		},
		"firstperson_righthand": {
			"rotation": [0, 45, 0],
			"scale": [0.4, 0.4, 0.4]
		},
		"firstperson_lefthand": {
			"rotation": [0, 225, 0],
			"scale": [0.4, 0.4, 0.4]
		},
		"ground": {
			"translation": [0, 3, 0],
			"scale": [0.25, 0.25, 0.25]
		},
		"gui": {
			"rotation": [30, 225, 0],
			"translation": [0, 0, 80],
			"scale": [0.625, 0.625, 0.625]
		},
		"head": {
			"translation": [0, -30.4, 0],
			"scale": [1.601, 1.601, 1.601]
		},
		"fixed": {
			"translation": [0, -4, 0],
			"scale": [0.5, 0.5, 0.5]
		}
	},
	"groups": [
		0,
		{
			"name": "octagon",
			"origin": [8, 8, 8],
			"color": 0,
			"nbt": "{}",
			"armAnimationEnabled": false,
			"children": []
		},
		{
			"name": "octagon",
			"origin": [8, 8, 8],
			"color": 3,
			"nbt": "{}",
			"armAnimationEnabled": false,
			"children": [1, 2, 3, 4, 5, 6, 7, 8]
		},
		{
			"name": "octagon",
			"origin": [8, 8, 8],
			"color": 5,
			"nbt": "{}",
			"armAnimationEnabled": false,
			"children": [9]
		},
		10,
		11,
		12,
		13,
		14,
		15,
		16,
		17,
		{
			"name": "octagon",
			"origin": [8, 8, 8],
			"color": 0,
			"nbt": "{}",
			"armAnimationEnabled": false,
			"children": [18, 19, 20, 21, 22, 23, 24, 25]
		},
		{
			"name": "octagon",
			"origin": [8, 8, 8],
			"color": 0,
			"nbt": "{}",
			"armAnimationEnabled": false,
			"children": [26, 27, 28, 29, 30, 31, 32, 33]
		},
		34,
		35,
		36,
		37,
		38,
		39,
		40,
		41,
		42,
		43,
		44,
		45,
		{
			"name": "octagon",
			"origin": [8, 8, 8],
			"color": 0,
			"nbt": "{}",
			"armAnimationEnabled": false,
			"children": [46, 47, 48, 49]
		}
	]
}