{
  "display": {
    "icon": {
      "id": "minecraft:blue_banner",
      "components": {
        "minecraft:banner_patterns": [
          {
            "pattern": "minecraft:gradient",
            "color": "light_blue"
          },
          {
            "pattern": "minecraft:gradient_up",
            "color": "light_blue"
          },
          {
            "pattern": "minecraft:globe",
            "color": "lime"
          }
        ]
      }
    },
    "title": "Important Flag",
    "description": "§eHold §6a diamond§e and §6crouch§e next to §6a flag§e to §6§nmake it big!",
    "show_toast": true,
    "announce_to_chat": true,
    "hidden": false
  },
  "parent": "gurkis:theflagisup",
  "criteria": {
    "requirement": {
      "trigger": "minecraft:impossible"
    }
  },
  "sends_telemetry_event": false
}