{
	"textures": {
		"6": "animated_java:blueprint/mech_torso/autocannon",
		"particle": "minecraft:item/pufferfish"
	},
	"display": {
		"head": {
			"rotation": [0, 180, 0]
		}
	},
	"elements": [
		{
			"from": [6.875, 6.875, 1.375],
			"to": [9.125, 9.125, 8.125],
			"rotation": {
				"angle": 0,
				"axis": "y",
				"origin": [8, 8, 4.75]
			},
			"faces": {
				"north": {
					"uv": [8.875, 6.125, 9.375, 6.625],
					"texture": "#6"
				},
				"east": {
					"uv": [6.375, 1.125, 7.5, 1.625],
					"texture": "#6"
				},
				"south": {
					"uv": [9, 0, 9.5, 0.5],
					"texture": "#6"
				},
				"west": {
					"uv": [4.625, 6.75, 5.75, 7.25],
					"texture": "#6"
				},
				"up": {
					"uv": [6.375, 7.875, 5.875, 6.75],
					"texture": "#6"
				},
				"down": {
					"uv": [1.625, 6.875, 1.125, 8],
					"texture": "#6"
				}
			}
		},
		{
			"from": [7.25, 7.25, -6.875],
			"to": [8.75, 8.75, 13.375],
			"rotation": {
				"angle": 0,
				"axis": "y",
				"origin": [40.625, -25.75, 15.625]
			},
			"faces": {
				"north": {
					"uv": [10, 2, 10.25, 2.25],
					"texture": "#6"
				},
				"east": {
					"uv": [4.75, 2.25, 8.125, 2.5],
					"texture": "#6"
				},
				"south": {
					"uv": [2.125, 10, 2.375, 10.25],
					"texture": "#6"
				},
				"west": {
					"uv": [4.75, 2.625, 8.125, 2.875],
					"texture": "#6"
				},
				"up": {
					"uv": [3, 6.875, 2.75, 3.5],
					"texture": "#6"
				},
				"down": {
					"uv": [0.25, 4.5, 0, 7.875],
					"texture": "#6"
				}
			}
		},
		{
			"from": [6.875, 6.875, -10.625],
			"to": [9.125, 9.125, -6.875],
			"rotation": {
				"angle": 0,
				"axis": "y",
				"origin": [40.625, -25.75, 15.625]
			},
			"faces": {
				"north": {
					"uv": [4.875, 9.625, 5.25, 10],
					"texture": "#6"
				},
				"east": {
					"uv": [9.125, 7.25, 9.75, 7.625],
					"texture": "#6"
				},
				"south": {
					"uv": [0, 9.75, 0.375, 10.125],
					"texture": "#6"
				},
				"west": {
					"uv": [9.125, 7.75, 9.75, 8.125],
					"texture": "#6"
				},
				"up": {
					"uv": [6.25, 9.625, 5.875, 9],
					"texture": "#6"
				},
				"down": {
					"uv": [3.5, 9.125, 3.125, 9.75],
					"texture": "#6"
				}
			}
		},
		{
			"from": [9.125, 9.125, 8.125],
			"to": [6.875, 6.875, 1.375],
			"rotation": {
				"angle": 0,
				"axis": "y",
				"origin": [8, 8, 4.75]
			},
			"faces": {
				"north": {
					"uv": [9, 0.5, 9.5, 0],
					"texture": "#6"
				},
				"east": {
					"uv": [4.625, 7.25, 5.75, 6.75],
					"texture": "#6"
				},
				"south": {
					"uv": [8.875, 6.625, 9.375, 6.125],
					"texture": "#6"
				},
				"west": {
					"uv": [6.375, 1.625, 7.5, 1.125],
					"texture": "#6"
				},
				"up": {
					"uv": [1.125, 6.875, 1.625, 8],
					"texture": "#6"
				},
				"down": {
					"uv": [5.875, 7.875, 6.375, 6.75],
					"texture": "#6"
				}
			}
		}
	]
}