{
	"textures": {
		"6": "animated_java:blueprint/mech_torso/autocannon",
		"particle": "minecraft:item/pufferfish"
	},
	"display": {
		"head": {
			"rotation": [0, 180, 0]
		}
	},
	"elements": [
		{
			"from": [6.875, 6.875, 1.0023],
			"to": [9.125, 9.125, 7.7523],
			"rotation": {
				"angle": 0,
				"axis": "y",
				"origin": [8, 8, 4.3773]
			},
			"faces": {
				"north": {
					"uv": [9.375, 6.125, 8.875, 6.625],
					"texture": "#6"
				},
				"east": {
					"uv": [5.75, 6.75, 4.625, 7.25],
					"texture": "#6"
				},
				"south": {
					"uv": [9.5, 0, 9, 0.5],
					"texture": "#6"
				},
				"west": {
					"uv": [7.5, 1.125, 6.375, 1.625],
					"texture": "#6"
				},
				"up": {
					"uv": [5.875, 7.875, 6.375, 6.75],
					"texture": "#6"
				},
				"down": {
					"uv": [1.125, 6.875, 1.625, 8],
					"texture": "#6"
				}
			}
		},
		{
			"from": [7.25, 7.25, -7.2477],
			"to": [8.75, 8.75, 13.0023],
			"rotation": {
				"angle": 0,
				"axis": "y",
				"origin": [-24.625, -25.75, 15.2523]
			},
			"faces": {
				"north": {
					"uv": [10.25, 2, 10, 2.25],
					"texture": "#6"
				},
				"east": {
					"uv": [8.125, 2.625, 4.75, 2.875],
					"texture": "#6"
				},
				"south": {
					"uv": [2.375, 10, 2.125, 10.25],
					"texture": "#6"
				},
				"west": {
					"uv": [8.125, 2.25, 4.75, 2.5],
					"texture": "#6"
				},
				"up": {
					"uv": [2.75, 6.875, 3, 3.5],
					"texture": "#6"
				},
				"down": {
					"uv": [0, 4.5, 0.25, 7.875],
					"texture": "#6"
				}
			}
		},
		{
			"from": [6.875, 6.875, -10.9977],
			"to": [9.125, 9.125, -7.2477],
			"rotation": {
				"angle": 0,
				"axis": "y",
				"origin": [-24.625, -25.75, 15.2523]
			},
			"faces": {
				"north": {
					"uv": [5.25, 9.625, 4.875, 10],
					"texture": "#6"
				},
				"east": {
					"uv": [9.75, 7.75, 9.125, 8.125],
					"texture": "#6"
				},
				"south": {
					"uv": [0.375, 9.75, 0, 10.125],
					"texture": "#6"
				},
				"west": {
					"uv": [9.75, 7.25, 9.125, 7.625],
					"texture": "#6"
				},
				"up": {
					"uv": [5.875, 9.625, 6.25, 9],
					"texture": "#6"
				},
				"down": {
					"uv": [3.125, 9.125, 3.5, 9.75],
					"texture": "#6"
				}
			}
		},
		{
			"from": [9.125, 9.125, 7.7523],
			"to": [6.875, 6.875, 1.0023],
			"rotation": {
				"angle": 0,
				"axis": "y",
				"origin": [8, 8, 4.3773]
			},
			"faces": {
				"north": {
					"uv": [9.5, 0.5, 9, 0],
					"texture": "#6"
				},
				"east": {
					"uv": [7.5, 1.625, 6.375, 1.125],
					"texture": "#6"
				},
				"south": {
					"uv": [9.375, 6.625, 8.875, 6.125],
					"texture": "#6"
				},
				"west": {
					"uv": [5.75, 7.25, 4.625, 6.75],
					"texture": "#6"
				},
				"up": {
					"uv": [1.625, 6.875, 1.125, 8],
					"texture": "#6"
				},
				"down": {
					"uv": [6.375, 7.875, 5.875, 6.75],
					"texture": "#6"
				}
			}
		}
	]
}