{
	"textures": {
		"6": "animated_java:blueprint/mech_torso/autocannon",
		"particle": "minecraft:item/pufferfish"
	},
	"display": {
		"head": {
			"rotation": [0, 180, 0]
		}
	},
	"elements": [
		{
			"from": [6.875, 6.875, 1.375],
			"to": [9.125, 9.125, 8.125],
			"rotation": {
				"angle": 0,
				"axis": "y",
				"origin": [8, 8, 4.75]
			},
			"faces": {
				"north": {
					"uv": [9.375, 6.125, 8.875, 6.625],
					"texture": "#6"
				},
				"east": {
					"uv": [5.75, 6.75, 4.625, 7.25],
					"texture": "#6"
				},
				"south": {
					"uv": [9.5, 0, 9, 0.5],
					"texture": "#6"
				},
				"west": {
					"uv": [7.5, 1.125, 6.375, 1.625],
					"texture": "#6"
				},
				"up": {
					"uv": [5.875, 7.875, 6.375, 6.75],
					"texture": "#6"
				},
				"down": {
					"uv": [1.125, 6.875, 1.625, 8],
					"texture": "#6"
				}
			}
		},
		{
			"from": [7.25, 7.25, -6.875],
			"to": [8.75, 8.75, 13.375],
			"rotation": {
				"angle": 0,
				"axis": "y",
				"origin": [40.625, -30.25, 15.625]
			},
			"faces": {
				"north": {
					"uv": [10, 3.5, 10.25, 3.75],
					"texture": "#6"
				},
				"east": {
					"uv": [4.75, 3, 8.125, 3.25],
					"texture": "#6"
				},
				"south": {
					"uv": [3.625, 10, 3.875, 10.25],
					"texture": "#6"
				},
				"west": {
					"uv": [4.75, 3.375, 8.125, 3.625],
					"texture": "#6"
				},
				"up": {
					"uv": [0.625, 7.875, 0.375, 4.5],
					"texture": "#6"
				},
				"down": {
					"uv": [1, 4.5, 0.75, 7.875],
					"texture": "#6"
				}
			}
		},
		{
			"from": [6.875, 6.875, -10.625],
			"to": [9.125, 9.125, -6.875],
			"rotation": {
				"angle": 0,
				"axis": "y",
				"origin": [40.625, -30.25, 15.625]
			},
			"faces": {
				"north": {
					"uv": [0.5, 9.75, 0.875, 10.125],
					"texture": "#6"
				},
				"east": {
					"uv": [9.125, 8.25, 9.75, 8.625],
					"texture": "#6"
				},
				"south": {
					"uv": [9.75, 2.375, 10.125, 2.75],
					"texture": "#6"
				},
				"west": {
					"uv": [9.125, 8.75, 9.75, 9.125],
					"texture": "#6"
				},
				"up": {
					"uv": [2.125, 9.875, 1.75, 9.25],
					"texture": "#6"
				},
				"down": {
					"uv": [2.625, 9.25, 2.25, 9.875],
					"texture": "#6"
				}
			}
		},
		{
			"from": [9.125, 9.125, 8.125],
			"to": [6.875, 6.875, 1.375],
			"rotation": {
				"angle": 0,
				"axis": "y",
				"origin": [8, 8, 4.75]
			},
			"faces": {
				"north": {
					"uv": [9.5, 0.5, 9, 0],
					"texture": "#6"
				},
				"east": {
					"uv": [7.5, 1.625, 6.375, 1.125],
					"texture": "#6"
				},
				"south": {
					"uv": [9.375, 6.625, 8.875, 6.125],
					"texture": "#6"
				},
				"west": {
					"uv": [5.75, 7.25, 4.625, 6.75],
					"texture": "#6"
				},
				"up": {
					"uv": [1.625, 6.875, 1.125, 8],
					"texture": "#6"
				},
				"down": {
					"uv": [6.375, 7.875, 5.875, 6.75],
					"texture": "#6"
				}
			}
		}
	]
}