{
	"textures": {
		"1": "animated_java:blueprint/mech_torso/mech",
		"particle": "minecraft:item/pufferfish"
	},
	"display": {
		"head": {
			"rotation": [0, 180, 0]
		}
	},
	"elements": [
		{
			"from": [6, -4.5, 4.5],
			"to": [10, 5.5, 10.5],
			"rotation": {
				"angle": 0,
				"axis": "y",
				"origin": [9.5, 3.5, 8]
			},
			"faces": {
				"north": {
					"uv": [7.3125, 7.625, 7.5625, 8.25],
					"texture": "#1"
				},
				"east": {
					"uv": [6.4375, 6.125, 6.8125, 6.75],
					"texture": "#1"
				},
				"south": {
					"uv": [7.625, 7.625, 7.875, 8.25],
					"texture": "#1"
				},
				"west": {
					"uv": [0.8125, 6.5, 1.1875, 7.125],
					"texture": "#1"
				},
				"up": {
					"uv": [8.875, 0.375, 8.625, 0],
					"texture": "#1"
				},
				"down": {
					"uv": [3.9375, 8.625, 3.6875, 9],
					"texture": "#1"
				}
			}
		},
		{
			"from": [10, -1.5, 5.5],
			"to": [11, 8.5, 9.5],
			"rotation": {
				"angle": 0,
				"axis": "y",
				"origin": [9.5, 3.5, 8]
			},
			"faces": {
				"north": {
					"uv": [1.5, 9.5625, 1.5625, 10.1875],
					"texture": "#1"
				},
				"east": {
					"uv": [0.3125, 7.6875, 0.5625, 8.3125],
					"texture": "#1"
				},
				"south": {
					"uv": [2.125, 9.5625, 2.1875, 10.1875],
					"texture": "#1"
				},
				"west": {
					"uv": [5.8125, 7.6875, 6.0625, 8.3125],
					"texture": "#1"
				},
				"up": {
					"uv": [9.375, 2.9375, 9.3125, 2.6875],
					"texture": "#1"
				},
				"down": {
					"uv": [9.375, 3.5625, 9.3125, 3.8125],
					"texture": "#1"
				}
			}
		},
		{
			"from": [8, 5.5, 4.5],
			"to": [10, 9.5, 10.5],
			"rotation": {
				"angle": 0,
				"axis": "y",
				"origin": [12.5, 3.5, 8]
			},
			"faces": {
				"north": {
					"uv": [5.6875, 9.75, 5.8125, 10],
					"texture": "#1"
				},
				"east": {
					"uv": [4, 8.625, 4.375, 8.875],
					"texture": "#1"
				},
				"south": {
					"uv": [5.875, 9.75, 6, 10],
					"texture": "#1"
				},
				"west": {
					"uv": [8.625, 4.4375, 9, 4.6875],
					"texture": "#1"
				},
				"up": {
					"uv": [6.5, 9.8125, 6.375, 9.4375],
					"texture": "#1"
				},
				"down": {
					"uv": [6.6875, 9.4375, 6.5625, 9.8125],
					"texture": "#1"
				}
			}
		},
		{
			"from": [4, 0.5, 4.5],
			"to": [6, 9.5, 10.5],
			"rotation": {
				"angle": 0,
				"axis": "y",
				"origin": [7.5, 3.5, 8]
			},
			"faces": {
				"north": {
					"uv": [7, 8.875, 7.125, 9.4375],
					"texture": "#1"
				},
				"east": {
					"uv": [7.0625, 1.875, 7.4375, 2.4375],
					"texture": "#1"
				},
				"south": {
					"uv": [7.1875, 8.875, 7.3125, 9.4375],
					"texture": "#1"
				},
				"west": {
					"uv": [7.125, 4.25, 7.5, 4.8125],
					"texture": "#1"
				},
				"up": {
					"uv": [6.875, 9.8125, 6.75, 9.4375],
					"texture": "#1"
				},
				"down": {
					"uv": [8.0625, 9.4375, 7.9375, 9.8125],
					"texture": "#1"
				}
			}
		},
		{
			"from": [5, -3.5, 5.5],
			"to": [6, 0.5, 9.5],
			"rotation": {
				"angle": 0,
				"axis": "y",
				"origin": [7.5, 3.5, 8]
			},
			"faces": {
				"north": {
					"uv": [7.125, 9.75, 7.1875, 10],
					"texture": "#1"
				},
				"east": {
					"uv": [9.0625, 4.5625, 9.3125, 4.8125],
					"texture": "#1"
				},
				"south": {
					"uv": [9.5, 9.75, 9.5625, 10],
					"texture": "#1"
				},
				"west": {
					"uv": [9.0625, 4.875, 9.3125, 5.125],
					"texture": "#1"
				},
				"up": {
					"uv": [0.5625, 10.125, 0.5, 9.875],
					"texture": "#1"
				},
				"down": {
					"uv": [8.5625, 9.875, 8.5, 10.125],
					"texture": "#1"
				}
			}
		},
		{
			"from": [7, -8.5, 5.5],
			"to": [9, -1.5, 9.5],
			"rotation": {
				"angle": 0,
				"axis": "y",
				"origin": [7.5, -2.5, 8]
			},
			"faces": {
				"north": {
					"uv": [8.25, 9.375, 8.375, 9.8125],
					"texture": "#1"
				},
				"east": {
					"uv": [8.3125, 4.6875, 8.5625, 5.125],
					"texture": "#1"
				},
				"south": {
					"uv": [8.4375, 9.375, 8.5625, 9.8125],
					"texture": "#1"
				},
				"west": {
					"uv": [8.3125, 5.1875, 8.5625, 5.625],
					"texture": "#1"
				},
				"up": {
					"uv": [7.0625, 10, 6.9375, 9.75],
					"texture": "#1"
				},
				"down": {
					"uv": [8.75, 9.75, 8.625, 10],
					"texture": "#1"
				}
			}
		}
	]
}