{
	"textures": {
		"3": "animated_java:blueprint/mech_torso/sword",
		"particle": "minecraft:item/pufferfish"
	},
	"display": {
		"head": {
			"rotation": [0, 180, 0]
		}
	},
	"elements": [
		{
			"from": [7.71847, 7.4333, 13.3069],
			"to": [8.28153, 8.5594, 17.43595],
			"rotation": {
				"angle": 0,
				"axis": "y",
				"origin": [8.37537, 9.31014, 15.18374]
			},
			"faces": {
				"north": {
					"uv": [4.875, 5.125, 5.0625, 5.5],
					"texture": "#3"
				},
				"east": {
					"uv": [0, 3.25, 1.375, 3.625],
					"texture": "#3"
				},
				"south": {
					"uv": [1.75, 5.25, 1.9375, 5.625],
					"texture": "#3"
				},
				"west": {
					"uv": [1.5, 3.25, 2.875, 3.625],
					"texture": "#3"
				},
				"up": {
					"uv": [1.9375, 5.125, 1.75, 3.75],
					"texture": "#3"
				},
				"down": {
					"uv": [2.3125, 3.75, 2.125, 5.125],
					"texture": "#3"
				}
			}
		},
		{
			"from": [7.62463, 7.80867, 8.05174],
			"to": [8.37537, 8.93477, 12.93153],
			"rotation": {
				"angle": 0,
				"axis": "y",
				"origin": [8.37537, 9.31014, 15.18374]
			},
			"faces": {
				"north": {
					"uv": [4.125, 2.25, 4.375, 2.625],
					"texture": "#3"
				},
				"east": {
					"uv": [0, 2.75, 1.625, 3.125],
					"texture": "#3"
				},
				"south": {
					"uv": [4.5, 2.25, 4.75, 2.625],
					"texture": "#3"
				},
				"west": {
					"uv": [1.75, 2.75, 3.375, 3.125],
					"texture": "#3"
				},
				"up": {
					"uv": [1.25, 5.375, 1, 3.75],
					"texture": "#3"
				},
				"down": {
					"uv": [1.625, 3.75, 1.375, 5.375],
					"texture": "#3"
				}
			}
		},
		{
			"from": [7.62839, 11.227, 6.44556],
			"to": [8.37161, 11.60237, 7.51537],
			"rotation": {
				"angle": 45,
				"axis": "x",
				"origin": [8, 8.87037, 3.65726]
			},
			"faces": {
				"north": {
					"uv": [5.5, 2, 5.75, 2.125],
					"texture": "#3"
				},
				"east": {
					"uv": [5.375, 2.25, 5.75, 2.375],
					"texture": "#3"
				},
				"south": {
					"uv": [5.625, 4, 5.875, 4.125],
					"texture": "#3"
				},
				"west": {
					"uv": [5.375, 3.75, 5.75, 3.875],
					"texture": "#3"
				},
				"up": {
					"uv": [4.875, 3.625, 4.625, 3.25],
					"texture": "#3"
				},
				"down": {
					"uv": [4, 4.625, 3.75, 5],
					"texture": "#3"
				}
			}
		},
		{
			"from": [7.62463, 8.5594, 7.301],
			"to": [8.37537, 8.93477, 8.05174],
			"rotation": {
				"angle": 0,
				"axis": "y",
				"origin": [8, 9.12246, 2.98427]
			},
			"faces": {
				"north": {
					"uv": [4.125, 5.625, 4.375, 5.75],
					"texture": "#3"
				},
				"east": {
					"uv": [5.625, 4.25, 5.875, 4.375],
					"texture": "#3"
				},
				"south": {
					"uv": [4.5, 5.625, 4.75, 5.75],
					"texture": "#3"
				},
				"west": {
					"uv": [5.625, 4.5, 5.875, 4.625],
					"texture": "#3"
				},
				"up": {
					"uv": [4, 2.625, 3.75, 2.375],
					"texture": "#3"
				},
				"down": {
					"uv": [2.375, 5.25, 2.125, 5.5],
					"texture": "#3"
				}
			}
		},
		{
			"from": [7.62463, 8.27788, 7.77021],
			"to": [8.37537, 8.5594, 8.05174],
			"rotation": {
				"angle": 0,
				"axis": "y",
				"origin": [8, 9.12246, 2.98427]
			},
			"faces": {
				"north": {
					"uv": [5.625, 4.75, 5.875, 4.875],
					"texture": "#3"
				},
				"east": {
					"uv": [5.75, 3.5, 5.875, 3.625],
					"texture": "#3"
				},
				"south": {
					"uv": [4.875, 5.625, 5.125, 5.75],
					"texture": "#3"
				},
				"west": {
					"uv": [1.5, 5.875, 1.625, 6],
					"texture": "#3"
				},
				"up": {
					"uv": [5.875, 5.125, 5.625, 5],
					"texture": "#3"
				},
				"down": {
					"uv": [5.5, 5.625, 5.25, 5.75],
					"texture": "#3"
				}
			}
		},
		{
			"from": [7.81232, 7.4333, 2.04584],
			"to": [8.18768, 8.74709, 12.93153],
			"rotation": {
				"angle": 0,
				"axis": "y",
				"origin": [8.37537, 9.31014, 15.18374]
			},
			"faces": {
				"north": {
					"uv": [3.5, 5.25, 3.625, 5.6875],
					"texture": "#3"
				},
				"east": {
					"uv": [0, 1.5, 3.625, 1.9375],
					"texture": "#3"
				},
				"south": {
					"uv": [2.5, 5.375, 2.625, 5.8125],
					"texture": "#3"
				},
				"west": {
					"uv": [0, 2.125, 3.625, 2.5625],
					"texture": "#3"
				},
				"up": {
					"uv": [0.125, 7.375, 0, 3.75],
					"texture": "#3"
				},
				"down": {
					"uv": [0.375, 3.75, 0.25, 7.375],
					"texture": "#3"
				}
			}
		},
		{
			"from": [7.81232, 7.80867, -2.45858],
			"to": [8.18768, 8.74709, 2.04584],
			"rotation": {
				"angle": 0,
				"axis": "y",
				"origin": [8.37537, 9.31014, 15.18374]
			},
			"faces": {
				"north": {
					"uv": [2.75, 5.375, 2.875, 5.6875],
					"texture": "#3"
				},
				"east": {
					"uv": [3, 3.25, 4.5, 3.5625],
					"texture": "#3"
				},
				"south": {
					"uv": [5.5, 1.5, 5.625, 1.8125],
					"texture": "#3"
				},
				"west": {
					"uv": [3.5, 2.75, 5, 3.0625],
					"texture": "#3"
				},
				"up": {
					"uv": [2.625, 5.25, 2.5, 3.75],
					"texture": "#3"
				},
				"down": {
					"uv": [2.875, 3.75, 2.75, 5.25],
					"texture": "#3"
				}
			}
		},
		{
			"from": [7.81232, 8.37172, -3.02163],
			"to": [8.18768, 8.74709, -2.45858],
			"rotation": {
				"angle": 0,
				"axis": "y",
				"origin": [8.37537, 9.31014, 15.18374]
			},
			"faces": {
				"north": {
					"uv": [5.875, 1.875, 6, 2],
					"texture": "#3"
				},
				"east": {
					"uv": [5.75, 3, 5.9375, 3.125],
					"texture": "#3"
				},
				"south": {
					"uv": [5.875, 2.125, 6, 2.25],
					"texture": "#3"
				},
				"west": {
					"uv": [5.75, 3.25, 5.9375, 3.375],
					"texture": "#3"
				},
				"up": {
					"uv": [3.875, 5.9375, 3.75, 5.75],
					"texture": "#3"
				},
				"down": {
					"uv": [5.75, 5.75, 5.625, 5.9375],
					"texture": "#3"
				}
			}
		},
		{
			"from": [7.81607, 8.28454, -2.91302],
			"to": [8.18393, 8.69745, -2.10598],
			"rotation": {
				"angle": 45,
				"axis": "x",
				"origin": [8, 8.47223, -2.85672]
			},
			"faces": {
				"north": {
					"uv": [2.75, 5.875, 2.875, 6],
					"texture": "#3"
				},
				"east": {
					"uv": [5.625, 5.25, 5.875, 5.375],
					"texture": "#3"
				},
				"south": {
					"uv": [3, 5.875, 3.125, 6],
					"texture": "#3"
				},
				"west": {
					"uv": [5.625, 5.5, 5.875, 5.625],
					"texture": "#3"
				},
				"up": {
					"uv": [5.875, 1.75, 5.75, 1.5],
					"texture": "#3"
				},
				"down": {
					"uv": [1.875, 5.75, 1.75, 6],
					"texture": "#3"
				}
			}
		},
		{
			"from": [7.81607, 8.34558, 0.83783],
			"to": [8.18393, 8.90863, 2.33931],
			"rotation": {
				"angle": 22.5,
				"axis": "x",
				"origin": [8, 8.6271, -0.10059]
			},
			"faces": {
				"north": {
					"uv": [1, 5.875, 1.125, 6.0625],
					"texture": "#3"
				},
				"east": {
					"uv": [4.875, 1.5, 5.375, 1.6875],
					"texture": "#3"
				},
				"south": {
					"uv": [1.25, 5.875, 1.375, 6.0625],
					"texture": "#3"
				},
				"west": {
					"uv": [4.875, 1.875, 5.375, 2.0625],
					"texture": "#3"
				},
				"up": {
					"uv": [3.125, 5.75, 3, 5.25],
					"texture": "#3"
				},
				"down": {
					"uv": [3.375, 5.25, 3.25, 5.75],
					"texture": "#3"
				}
			}
		},
		{
			"from": [7.62088, 10.07845, 12.29979],
			"to": [8.37537, 10.82919, 13.42589],
			"rotation": {
				"angle": 22.5,
				"axis": "x",
				"origin": [8, 8.29911, 7.84859]
			},
			"faces": {
				"north": {
					"uv": [4.125, 5.25, 4.375, 5.5],
					"texture": "#3"
				},
				"east": {
					"uv": [4.875, 2.25, 5.25, 2.5],
					"texture": "#3"
				},
				"south": {
					"uv": [5.25, 4.125, 5.5, 4.375],
					"texture": "#3"
				},
				"west": {
					"uv": [4.875, 3.75, 5.25, 4],
					"texture": "#3"
				},
				"up": {
					"uv": [5.125, 4.5, 4.875, 4.125],
					"texture": "#3"
				},
				"down": {
					"uv": [5.125, 4.625, 4.875, 5],
					"texture": "#3"
				}
			}
		},
		{
			"from": [8, 6.87025, -6.21226],
			"to": [8.00375, 8.70955, 13.68227],
			"rotation": {
				"angle": 0,
				"axis": "y",
				"origin": [8.37537, 9.31014, 15.18374]
			},
			"faces": {
				"north": {
					"uv": [5.5, 2.5, 5.5625, 3.125],
					"texture": "#3"
				},
				"east": {
					"uv": [0, 0, 6.625, 0.625],
					"texture": "#3"
				},
				"south": {
					"uv": [2.125, 5.625, 2.1875, 6.25],
					"texture": "#3"
				},
				"west": {
					"uv": [0, 0.75, 6.625, 1.375],
					"texture": "#3"
				},
				"up": {
					"uv": [0.5625, 10.375, 0.5, 3.75],
					"texture": "#3"
				},
				"down": {
					"uv": [0.8125, 3.75, 0.75, 10.375],
					"texture": "#3"
				}
			}
		},
		{
			"from": [7.62088, 6.19354, 13.51688],
			"to": [8.37912, 8.44575, 14.26762],
			"rotation": {
				"angle": -22.5,
				"axis": "x",
				"origin": [8, 5.6664, 13.99324]
			},
			"faces": {
				"north": {
					"uv": [3.75, 1.5, 4, 2.25],
					"texture": "#3"
				},
				"east": {
					"uv": [3, 3.75, 3.25, 4.5],
					"texture": "#3"
				},
				"south": {
					"uv": [3.375, 3.75, 3.625, 4.5],
					"texture": "#3"
				},
				"west": {
					"uv": [3.75, 3.75, 4, 4.5],
					"texture": "#3"
				},
				"up": {
					"uv": [4.75, 5.5, 4.5, 5.25],
					"texture": "#3"
				},
				"down": {
					"uv": [5.5, 4.5, 5.25, 4.75],
					"texture": "#3"
				}
			}
		},
		{
			"from": [7.62463, 5.97112, 13.35141],
			"to": [8.37537, 6.34649, 15.22825],
			"rotation": {
				"angle": 0,
				"axis": "y",
				"origin": [8, 6.96256, 13.90635]
			},
			"faces": {
				"north": {
					"uv": [5.75, 2.5, 6, 2.625],
					"texture": "#3"
				},
				"east": {
					"uv": [5, 3.25, 5.625, 3.375],
					"texture": "#3"
				},
				"south": {
					"uv": [5.75, 2.75, 6, 2.875],
					"texture": "#3"
				},
				"west": {
					"uv": [5, 3.5, 5.625, 3.625],
					"texture": "#3"
				},
				"up": {
					"uv": [4.375, 2.125, 4.125, 1.5],
					"texture": "#3"
				},
				"down": {
					"uv": [4.375, 3.75, 4.125, 4.375],
					"texture": "#3"
				}
			}
		},
		{
			"from": [7.62463, 6.87025, 13.02537],
			"to": [8.37537, 8.5594, 13.77611],
			"rotation": {
				"angle": 0,
				"axis": "y",
				"origin": [8, 5.6503, 14.24532]
			},
			"faces": {
				"north": {
					"uv": [4.5, 1.5, 4.75, 2.0625],
					"texture": "#3"
				},
				"east": {
					"uv": [4.5, 3.75, 4.75, 4.3125],
					"texture": "#3"
				},
				"south": {
					"uv": [4.125, 4.5, 4.375, 5.0625],
					"texture": "#3"
				},
				"west": {
					"uv": [4.5, 4.5, 4.75, 5.0625],
					"texture": "#3"
				},
				"up": {
					"uv": [5.5, 5.125, 5.25, 4.875],
					"texture": "#3"
				},
				"down": {
					"uv": [5.5, 5.25, 5.25, 5.5],
					"texture": "#3"
				}
			}
		},
		{
			"from": [7.72223, 7.16625, 17.037],
			"to": [8.27777, 8.48004, 17.78774],
			"rotation": {
				"angle": -22.5,
				"axis": "x",
				"origin": [7.90616, 7.63546, 17.41237]
			},
			"faces": {
				"north": {
					"uv": [5.125, 2.625, 5.3125, 3.0625],
					"texture": "#3"
				},
				"east": {
					"uv": [3, 4.625, 3.25, 5.0625],
					"texture": "#3"
				},
				"south": {
					"uv": [3.75, 5.125, 3.9375, 5.5625],
					"texture": "#3"
				},
				"west": {
					"uv": [3.375, 4.625, 3.625, 5.0625],
					"texture": "#3"
				},
				"up": {
					"uv": [1.1875, 5.75, 1, 5.5],
					"texture": "#3"
				},
				"down": {
					"uv": [1.5625, 5.5, 1.375, 5.75],
					"texture": "#3"
				}
			}
		}
	]
}