{
	"credit": "Made with Blockbench",
	"textures": {
		"0": "expansion:items/armor/diver/helmet",
		"particle": "expansion:items/armor/diver/helmet"
	},
	"elements": [
		{
			"name": "helmet_0",
			"from": [12, 3, 7.5],
			"to": [13, 15, 8.5],
			"rotation": {"angle": 0, "axis": "y", "origin": [0, 0, 7.5]},
			"faces": {
				"north": {"uv": [13, 1, 12, 13], "texture": "#0"},
				"east": {"uv": [12, 1, 13, 13], "texture": "#0"},
				"south": {"uv": [12, 1, 13, 13], "texture": "#0"},
				"west": {"uv": [12, 1, 13, 13], "texture": "#0"},
				"up": {"uv": [12, 1, 13, 2], "texture": "#0"},
				"down": {"uv": [12, 12, 13, 13], "texture": "#0"}
			}
		},
		{
			"name": "helmet_1",
			"from": [11, 2, 7.5],
			"to": [12, 14, 8.5],
			"rotation": {"angle": 0, "axis": "y", "origin": [0, 0, 7.5]},
			"faces": {
				"north": {"uv": [12, 2, 11, 14], "texture": "#0"},
				"east": {"uv": [11, 2, 12, 14], "texture": "#0"},
				"south": {"uv": [11, 2, 12, 14], "texture": "#0"},
				"west": {"uv": [11, 2, 12, 14], "texture": "#0"},
				"up": {"uv": [11, 2, 12, 3], "texture": "#0"},
				"down": {"uv": [11, 13, 12, 14], "texture": "#0"}
			}
		},
		{
			"name": "helmet_2",
			"from": [13, 4, 7.5],
			"to": [14, 14, 8.5],
			"rotation": {"angle": 0, "axis": "y", "origin": [0, 0, 7.5]},
			"faces": {
				"north": {"uv": [14, 2, 13, 12], "texture": "#0"},
				"east": {"uv": [13, 2, 14, 12], "texture": "#0"},
				"south": {"uv": [13, 2, 14, 12], "texture": "#0"},
				"west": {"uv": [13, 2, 14, 12], "texture": "#0"},
				"up": {"uv": [13, 2, 14, 3], "texture": "#0"},
				"down": {"uv": [13, 11, 14, 12], "texture": "#0"}
			}
		},
		{
			"name": "helmet_3",
			"from": [5, 2, 7.5],
			"to": [11, 13, 8.5],
			"rotation": {"angle": 0, "axis": "y", "origin": [0, 0, 7.5]},
			"faces": {
				"north": {"uv": [11, 3, 5, 14], "texture": "#0"},
				"east": {"uv": [10, 3, 11, 14], "texture": "#0"},
				"south": {"uv": [5, 3, 11, 14], "texture": "#0"},
				"west": {"uv": [5, 3, 6, 14], "texture": "#0"},
				"up": {"uv": [5, 3, 11, 4], "texture": "#0"},
				"down": {"uv": [5, 13, 11, 14], "texture": "#0"}
			}
		},
		{
			"name": "helmet_4",
			"from": [4, 2, 7.5],
			"to": [5, 12, 8.5],
			"rotation": {"angle": 0, "axis": "y", "origin": [0, 0, 7.5]},
			"faces": {
				"north": {"uv": [5, 4, 4, 14], "texture": "#0"},
				"east": {"uv": [4, 4, 5, 14], "texture": "#0"},
				"south": {"uv": [4, 4, 5, 14], "texture": "#0"},
				"west": {"uv": [4, 4, 5, 14], "texture": "#0"},
				"up": {"uv": [4, 4, 5, 5], "texture": "#0"},
				"down": {"uv": [4, 13, 5, 14], "texture": "#0"}
			}
		},
		{
			"name": "helmet_5",
			"from": [3, 3, 7.5],
			"to": [4, 11, 8.5],
			"rotation": {"angle": 0, "axis": "y", "origin": [0, 0, 7.5]},
			"faces": {
				"north": {"uv": [4, 5, 3, 13], "texture": "#0"},
				"east": {"uv": [3, 5, 4, 13], "texture": "#0"},
				"south": {"uv": [3, 5, 4, 13], "texture": "#0"},
				"west": {"uv": [3, 5, 4, 13], "texture": "#0"},
				"up": {"uv": [3, 5, 4, 6], "texture": "#0"},
				"down": {"uv": [3, 12, 4, 13], "texture": "#0"}
			}
		},
		{
			"name": "helmet_6",
			"from": [2, 4, 7.5],
			"to": [3, 10, 8.5],
			"rotation": {"angle": 0, "axis": "y", "origin": [0, 0, 7.5]},
			"faces": {
				"north": {"uv": [3, 6, 2, 12], "texture": "#0"},
				"east": {"uv": [2, 6, 3, 12], "texture": "#0"},
				"south": {"uv": [2, 6, 3, 12], "texture": "#0"},
				"west": {"uv": [2, 6, 3, 12], "texture": "#0"},
				"up": {"uv": [2, 6, 3, 7], "texture": "#0"},
				"down": {"uv": [2, 11, 3, 12], "texture": "#0"}
			}
		}
	],
	"gui_light": "front",
	"display": {
		"thirdperson_righthand": {
			"translation": [0, 3, 1],
			"scale": [0.55, 0.55, 0.55]
		},
		"thirdperson_lefthand": {
			"translation": [0, 3, 1],
			"scale": [0.55, 0.55, 0.55]
		},
		"firstperson_righthand": {
			"rotation": [0, -90, 25],
			"translation": [1.13, 3.2, 1.13],
			"scale": [0.68, 0.68, 0.68]
		},
		"firstperson_lefthand": {
			"rotation": [0, -90, 25],
			"translation": [1.13, 3.2, 1.13],
			"scale": [0.68, 0.68, 0.68]
		},
		"ground": {
			"translation": [0, 2, 0],
			"scale": [0.5, 0.5, 0.5]
		},
		"head": {
			"rotation": [0, 180, 0],
			"translation": [0, 13, 7]
		},
		"fixed": {
			"rotation": [0, 180, 0]
		}
	},
	"groups": [
		{
			"name": "helmet",
			"origin": [8, 8, 15.5],
			"color": 0,
			"children": [0, 1, 2, 3, 4, 5, 6]
		}
	]
}