{
  "pools": [
    {
      "rolls": {
        "min": 12,
        "max": 24
      },
      "entries": [
        {
          "type": "minecraft:item",
          "name": "minecraft:cod",
          "weight": 10
        },
        {
          "type": "minecraft:item",
          "name": "minecraft:string",
          "weight": 10
        },
        {
          "type": "minecraft:item",
          "name": "minecraft:bone",
          "weight": 4
        },
        {
          "type": "minecraft:item",
          "name": "minecraft:oak_log",
          "weight": 4
        },
        {
          "type": "minecraft:item",
          "name": "minecraft:water_bucket",
          "weight": 1
        },
        {
          "type": "minecraft:item",
          "name": "minecraft:iron_ingot",
          "weight": 3
        }
      ]
    }
  ]
}
