{
	"model": {
		"type": "minecraft:select",
		"property": "minecraft:custom_model_data",
		"cases": [
			{
				"when": "empty_both",
				"model": {
					"type": "minecraft:model",
					"model": "animated_java:blueprint/mech_torso/empty_both/drillhead_left1"
				}
			},
			{
				"when": "sword_left",
				"model": {
					"type": "minecraft:model",
					"model": "animated_java:blueprint/mech_torso/sword_left/drillhead_left1"
				}
			},
			{
				"when": "drill_left",
				"model": {
					"type": "minecraft:model",
					"model": "animated_java:blueprint/mech_torso/drill_left/drillhead_left1"
				}
			},
			{
				"when": "cannon_left",
				"model": {
					"type": "minecraft:model",
					"model": "animated_java:blueprint/mech_torso/cannon_left/drillhead_left1"
				}
			},
			{
				"when": "rocket_left",
				"model": {
					"type": "minecraft:model",
					"model": "animated_java:blueprint/mech_torso/rocket_left/drillhead_left1"
				}
			},
			{
				"when": "empty_left",
				"model": {
					"type": "minecraft:model",
					"model": "animated_java:blueprint/mech_torso/empty_left/drillhead_left1"
				}
			}
		],
		"fallback": {
			"type": "minecraft:model",
			"model": "animated_java:blueprint/mech_torso/drillhead_left1"
		},
		"tints": [
			{
				"type": "minecraft:dye",
				"default": [1, 1, 1]
			}
		]
	}
}