{
	"model": {
		"type": "minecraft:select",
		"property": "minecraft:custom_model_data",
		"cases": [
			{
				"when": "empty_both",
				"model": {
					"type": "minecraft:model",
					"model": "animated_java:blueprint/mech_torso/empty_both/sword_right"
				}
			},
			{
				"when": "sword_right",
				"model": {
					"type": "minecraft:model",
					"model": "animated_java:blueprint/mech_torso/sword_right/sword_right"
				}
			},
			{
				"when": "drill_right",
				"model": {
					"type": "minecraft:model",
					"model": "animated_java:blueprint/mech_torso/drill_right/sword_right"
				}
			},
			{
				"when": "rocket_right",
				"model": {
					"type": "minecraft:model",
					"model": "animated_java:blueprint/mech_torso/rocket_right/sword_right"
				}
			},
			{
				"when": "cannon_right",
				"model": {
					"type": "minecraft:model",
					"model": "animated_java:blueprint/mech_torso/cannon_right/sword_right"
				}
			},
			{
				"when": "empty_right",
				"model": {
					"type": "minecraft:model",
					"model": "animated_java:blueprint/mech_torso/empty_right/sword_right"
				}
			}
		],
		"fallback": {
			"type": "minecraft:model",
			"model": "animated_java:blueprint/mech_torso/sword_right"
		},
		"tints": [
			{
				"type": "minecraft:dye",
				"default": [1, 1, 1]
			}
		]
	}
}