{
	"textures": {
		"0": "animated_java:blueprint/assembler/assembler",
		"particle": "minecraft:item/pufferfish"
	},
	"display": {
		"head": {
			"rotation": [0, 180, 0]
		}
	},
	"elements": [
		{
			"from": [7.25, 13.4114, 0.91408],
			"to": [8.75, 14.9114, 9.91408],
			"rotation": {
				"angle": -45,
				"axis": "x",
				"origin": [-4.25, 3.71686, 16.31497]
			},
			"faces": {
				"north": {
					"uv": [11.3125, 9.6875, 11.4375, 9.8125],
					"texture": "#0"
				},
				"east": {
					"uv": [8.9375, 0, 9.5, 0.125],
					"texture": "#0"
				},
				"south": {
					"uv": [9.875, 11.3125, 10, 11.4375],
					"texture": "#0"
				},
				"west": {
					"uv": [4.375, 9, 4.9375, 9.125],
					"texture": "#0"
				},
				"up": {
					"uv": [0.375, 9.4375, 0.25, 8.875],
					"texture": "#0"
				},
				"down": {
					"uv": [6.75, 8.9375, 6.625, 9.5],
					"texture": "#0"
				}
			}
		},
		{
			"from": [7, 13.1614, 9.91408],
			"to": [9, 15.1614, 11.66408],
			"rotation": {
				"angle": -45,
				"axis": "x",
				"origin": [-4.25, 3.71686, 16.31497]
			},
			"faces": {
				"north": {
					"uv": [11.3125, 9.875, 11.4375, 10],
					"texture": "#0"
				},
				"east": {
					"uv": [11.3125, 10.3125, 11.4375, 10.4375],
					"texture": "#0"
				},
				"south": {
					"uv": [11.375, 0.5625, 11.5, 0.6875],
					"texture": "#0"
				},
				"west": {
					"uv": [11.375, 0.75, 11.5, 0.875],
					"texture": "#0"
				},
				"up": {
					"uv": [11.5, 1.6875, 11.375, 1.5625],
					"texture": "#0"
				},
				"down": {
					"uv": [11.5, 1.75, 11.375, 1.875],
					"texture": "#0"
				}
			}
		},
		{
			"from": [7, 8.0207, 4.93378],
			"to": [9, 8.5207, 5.63378],
			"rotation": {
				"angle": 0,
				"axis": "y",
				"origin": [8, 8.2707, 5.28378]
			},
			"faces": {
				"north": {
					"uv": [3, 12.1875, 3.125, 12.25],
					"texture": "#0"
				},
				"east": {
					"uv": [12.25, 2.625, 12.3125, 2.6875],
					"texture": "#0"
				},
				"south": {
					"uv": [3.5625, 12.1875, 3.6875, 12.25],
					"texture": "#0"
				},
				"west": {
					"uv": [2.75, 12.25, 2.8125, 12.3125],
					"texture": "#0"
				},
				"up": {
					"uv": [3.875, 12.25, 3.75, 12.1875],
					"texture": "#0"
				},
				"down": {
					"uv": [4.25, 12.1875, 4.125, 12.25],
					"texture": "#0"
				}
			}
		},
		{
			"from": [7, 13.6614, 11.66408],
			"to": [9, 14.6614, 12.16408],
			"rotation": {
				"angle": -45,
				"axis": "x",
				"origin": [-4.25, 3.71686, 16.31497]
			},
			"faces": {
				"north": {
					"uv": [4.3125, 12.1875, 4.4375, 12.25],
					"texture": "#0"
				},
				"east": {
					"uv": [12.25, 2.75, 12.3125, 2.8125],
					"texture": "#0"
				},
				"south": {
					"uv": [12.1875, 4.375, 12.3125, 4.4375],
					"texture": "#0"
				},
				"west": {
					"uv": [2.875, 12.25, 2.9375, 12.3125],
					"texture": "#0"
				},
				"up": {
					"uv": [12.3125, 4.5625, 12.1875, 4.5],
					"texture": "#0"
				},
				"down": {
					"uv": [12.3125, 4.625, 12.1875, 4.6875],
					"texture": "#0"
				}
			}
		},
		{
			"from": [7, 7.10648, 5.84799],
			"to": [9, 7.80648, 6.34799],
			"rotation": {
				"angle": 0,
				"axis": "y",
				"origin": [8, 7.45648, 6.09799]
			},
			"faces": {
				"north": {
					"uv": [4.6875, 12.1875, 4.8125, 12.25],
					"texture": "#0"
				},
				"east": {
					"uv": [12.25, 3.0625, 12.3125, 3.125],
					"texture": "#0"
				},
				"south": {
					"uv": [4.875, 12.1875, 5, 12.25],
					"texture": "#0"
				},
				"west": {
					"uv": [3.1875, 12.25, 3.25, 12.3125],
					"texture": "#0"
				},
				"up": {
					"uv": [5.5, 12.25, 5.375, 12.1875],
					"texture": "#0"
				},
				"down": {
					"uv": [5.6875, 12.1875, 5.5625, 12.25],
					"texture": "#0"
				}
			}
		}
	]
}