{
	"textures": {
		"0": "animated_java:blueprint/assembler/assembler",
		"particle": "minecraft:item/pufferfish"
	},
	"display": {
		"head": {
			"rotation": [0, 180, 0]
		}
	},
	"elements": [
		{
			"from": [16.31119, 8.10615, 11.73809],
			"to": [17.97257, 9.76753, 15.89153],
			"rotation": {
				"angle": 45,
				"axis": "z",
				"origin": [13.81481, 26.06745, 8.83069]
			},
			"faces": {
				"north": {
					"uv": [1.25, 11.3125, 1.375, 11.4375],
					"texture": "#0"
				},
				"east": {
					"uv": [7.5625, 10.25, 7.875, 10.375],
					"texture": "#0"
				},
				"south": {
					"uv": [11.3125, 1.25, 11.4375, 1.375],
					"texture": "#0"
				},
				"west": {
					"uv": [10.25, 10.1875, 10.5625, 10.3125],
					"texture": "#0"
				},
				"up": {
					"uv": [5.75, 10.5625, 5.625, 10.25],
					"texture": "#0"
				},
				"down": {
					"uv": [8.0625, 10.25, 7.9375, 10.5625],
					"texture": "#0"
				}
			}
		},
		{
			"from": [26.27513, 15.47619, 11.73809],
			"to": [28.76719, 16.30688, 15.89153],
			"rotation": {
				"angle": 0,
				"axis": "y",
				"origin": [13.81481, 26.06745, 8.83069]
			},
			"faces": {
				"north": {
					"uv": [4.75, 11.6875, 4.9375, 11.75],
					"texture": "#0"
				},
				"east": {
					"uv": [2.1875, 11.1875, 2.5, 11.25],
					"texture": "#0"
				},
				"south": {
					"uv": [11.6875, 4.75, 11.875, 4.8125],
					"texture": "#0"
				},
				"west": {
					"uv": [11.1875, 4, 11.5, 4.0625],
					"texture": "#0"
				},
				"up": {
					"uv": [8.125, 9.875, 7.9375, 9.5625],
					"texture": "#0"
				},
				"down": {
					"uv": [5.125, 9.625, 4.9375, 9.9375],
					"texture": "#0"
				}
			}
		},
		{
			"from": [30.33862, 23.03523, 11.73809],
			"to": [32, 26.35798, 15.89153],
			"rotation": {
				"angle": -22.5,
				"axis": "z",
				"origin": [13.81481, 26.06745, 8.83069]
			},
			"faces": {
				"north": {
					"uv": [7.625, 10.8125, 7.75, 11.0625],
					"texture": "#0"
				},
				"east": {
					"uv": [1.1875, 8.8125, 1.5, 9.0625],
					"texture": "#0"
				},
				"south": {
					"uv": [8.5, 10.8125, 8.625, 11.0625],
					"texture": "#0"
				},
				"west": {
					"uv": [1.5625, 8.8125, 1.875, 9.0625],
					"texture": "#0"
				},
				"up": {
					"uv": [10.4375, 0.5, 10.3125, 0.1875],
					"texture": "#0"
				},
				"down": {
					"uv": [10.4375, 1.3125, 10.3125, 1.625],
					"texture": "#0"
				}
			}
		},
		{
			"from": [31.16931, 26.35798, 11.73809],
			"to": [32, 28.01935, 15.89153],
			"rotation": {
				"angle": -22.5,
				"axis": "z",
				"origin": [13.81481, 26.06745, 8.83069]
			},
			"faces": {
				"north": {
					"uv": [4, 12.125, 4.0625, 12.25],
					"texture": "#0"
				},
				"east": {
					"uv": [10.3125, 1.6875, 10.625, 1.8125],
					"texture": "#0"
				},
				"south": {
					"uv": [5.25, 12.125, 5.3125, 12.25],
					"texture": "#0"
				},
				"west": {
					"uv": [10.3125, 2.25, 10.625, 2.375],
					"texture": "#0"
				},
				"up": {
					"uv": [3.8125, 11.4375, 3.75, 11.125],
					"texture": "#0"
				},
				"down": {
					"uv": [0.0625, 11.1875, 0, 11.5],
					"texture": "#0"
				}
			}
		},
		{
			"from": [30.33862, 26.35798, 6.75397],
			"to": [31.16931, 28.01935, 20.87566],
			"rotation": {
				"angle": -22.5,
				"axis": "z",
				"origin": [13.81481, 26.06745, 8.83069]
			},
			"faces": {
				"north": {
					"uv": [12.125, 5.8125, 12.1875, 5.9375],
					"texture": "#0"
				},
				"east": {
					"uv": [1.125, 6.8125, 2.1875, 6.9375],
					"texture": "#0"
				},
				"south": {
					"uv": [5.875, 12.125, 5.9375, 12.25],
					"texture": "#0"
				},
				"west": {
					"uv": [3.6875, 6.875, 4.75, 7],
					"texture": "#0"
				},
				"up": {
					"uv": [4.125, 9.875, 4.0625, 8.8125],
					"texture": "#0"
				},
				"down": {
					"uv": [6.875, 8.9375, 6.8125, 10],
					"texture": "#0"
				}
			}
		},
		{
			"from": [30.33862, 24.6966, 15.89153],
			"to": [31.16931, 26.35798, 20.87566],
			"rotation": {
				"angle": -22.5,
				"axis": "z",
				"origin": [13.81481, 26.06745, 8.83069]
			},
			"faces": {
				"north": {
					"uv": [6, 12.125, 6.0625, 12.25],
					"texture": "#0"
				},
				"east": {
					"uv": [9.875, 8.5, 10.25, 8.625],
					"texture": "#0"
				},
				"south": {
					"uv": [12.125, 6, 12.1875, 6.125],
					"texture": "#0"
				},
				"west": {
					"uv": [9.9375, 1.125, 10.3125, 1.25],
					"texture": "#0"
				},
				"up": {
					"uv": [8.3125, 9.375, 8.25, 9],
					"texture": "#0"
				},
				"down": {
					"uv": [5, 9.1875, 4.9375, 9.5625],
					"texture": "#0"
				}
			}
		},
		{
			"from": [30.33862, 24.6966, 6.75397],
			"to": [31.16931, 26.35798, 11.73809],
			"rotation": {
				"angle": -22.5,
				"axis": "z",
				"origin": [13.81481, 26.06745, 8.83069]
			},
			"faces": {
				"north": {
					"uv": [6.125, 12.125, 6.1875, 12.25],
					"texture": "#0"
				},
				"east": {
					"uv": [9.9375, 1.875, 10.3125, 2],
					"texture": "#0"
				},
				"south": {
					"uv": [6.25, 12.125, 6.3125, 12.25],
					"texture": "#0"
				},
				"west": {
					"uv": [9.9375, 2.0625, 10.3125, 2.1875],
					"texture": "#0"
				},
				"up": {
					"uv": [6.3125, 11.25, 6.25, 10.875],
					"texture": "#0"
				},
				"down": {
					"uv": [6.8125, 10.875, 6.75, 11.25],
					"texture": "#0"
				}
			}
		},
		{
			"from": [27.25917, 24.6966, 6.16658],
			"to": [30.58193, 28.01935, 6.99727],
			"rotation": {
				"angle": -22.5,
				"axis": "z",
				"origin": [13.81481, 26.06745, 8.83069]
			},
			"faces": {
				"north": {
					"uv": [9.5, 7.5625, 9.75, 7.8125],
					"texture": "#0"
				},
				"east": {
					"uv": [1.4375, 11.3125, 1.5, 11.5625],
					"texture": "#0"
				},
				"south": {
					"uv": [9.5, 7.875, 9.75, 8.125],
					"texture": "#0"
				},
				"west": {
					"uv": [1.5625, 11.3125, 1.625, 11.5625],
					"texture": "#0"
				},
				"up": {
					"uv": [11.5625, 1.5, 11.3125, 1.4375],
					"texture": "#0"
				},
				"down": {
					"uv": [1.9375, 11.3125, 1.6875, 11.375],
					"texture": "#0"
				}
			}
		},
		{
			"from": [26.73494, 24.74544, 6.80293],
			"to": [27.56562, 28.06819, 8.4643],
			"rotation": {
				"angle": -22.5,
				"axis": "z",
				"origin": [13.69692, 26.11628, 7.69775]
			},
			"faces": {
				"north": {
					"uv": [2, 11.3125, 2.0625, 11.5625],
					"texture": "#0"
				},
				"east": {
					"uv": [10.8125, 9.25, 10.9375, 9.5],
					"texture": "#0"
				},
				"south": {
					"uv": [2.125, 11.3125, 2.1875, 11.5625],
					"texture": "#0"
				},
				"west": {
					"uv": [9.3125, 10.8125, 9.4375, 11.0625],
					"texture": "#0"
				},
				"up": {
					"uv": [6.4375, 12.25, 6.375, 12.125],
					"texture": "#0"
				},
				"down": {
					"uv": [6.5625, 12.125, 6.5, 12.25],
					"texture": "#0"
				}
			}
		},
		{
			"from": [26.80107, 25.07791, 19.16532],
			"to": [27.63175, 28.40066, 20.8267],
			"rotation": {
				"angle": -22.5,
				"axis": "z",
				"origin": [12.89426, 26.44876, 10.00155]
			},
			"faces": {
				"north": {
					"uv": [2.25, 11.3125, 2.3125, 11.5625],
					"texture": "#0"
				},
				"east": {
					"uv": [9.5, 10.8125, 9.625, 11.0625],
					"texture": "#0"
				},
				"south": {
					"uv": [2.375, 11.3125, 2.4375, 11.5625],
					"texture": "#0"
				},
				"west": {
					"uv": [9.6875, 10.8125, 9.8125, 11.0625],
					"texture": "#0"
				},
				"up": {
					"uv": [6.6875, 12.25, 6.625, 12.125],
					"texture": "#0"
				},
				"down": {
					"uv": [12.1875, 6.625, 12.125, 6.75],
					"texture": "#0"
				}
			}
		},
		{
			"from": [26.2205, 18.89378, 20.63236],
			"to": [29.54325, 22.21653, 21.46304],
			"rotation": {
				"angle": -22.5,
				"axis": "z",
				"origin": [27.88187, 20.55515, 21.0477]
			},
			"faces": {
				"north": {
					"uv": [9.5, 8.1875, 9.75, 8.4375],
					"texture": "#0"
				},
				"east": {
					"uv": [3.1875, 11.3125, 3.25, 11.5625],
					"texture": "#0"
				},
				"south": {
					"uv": [9.5, 8.6875, 9.75, 8.9375],
					"texture": "#0"
				},
				"west": {
					"uv": [3.3125, 11.3125, 3.375, 11.5625],
					"texture": "#0"
				},
				"up": {
					"uv": [11.5625, 3, 11.3125, 2.9375],
					"texture": "#0"
				},
				"down": {
					"uv": [3.6875, 11.3125, 3.4375, 11.375],
					"texture": "#0"
				}
			}
		},
		{
			"from": [28.76719, 12.56878, 15.06084],
			"to": [29.59788, 15.06084, 15.89153],
			"rotation": {
				"angle": 0,
				"axis": "y",
				"origin": [13.81481, 26.06745, 8.83069]
			},
			"faces": {
				"north": {
					"uv": [3.875, 11.6875, 3.9375, 11.875],
					"texture": "#0"
				},
				"east": {
					"uv": [4.375, 11.6875, 4.4375, 11.875],
					"texture": "#0"
				},
				"south": {
					"uv": [5, 11.6875, 5.0625, 11.875],
					"texture": "#0"
				},
				"west": {
					"uv": [5.375, 11.6875, 5.4375, 11.875],
					"texture": "#0"
				},
				"up": {
					"uv": [12.25, 11.9375, 12.1875, 11.875],
					"texture": "#0"
				},
				"down": {
					"uv": [12.25, 12, 12.1875, 12.0625],
					"texture": "#0"
				}
			}
		},
		{
			"from": [26.27513, 12.56878, 11.73809],
			"to": [27.10581, 15.06084, 12.56878],
			"rotation": {
				"angle": 0,
				"axis": "y",
				"origin": [13.81481, 26.06745, 8.83069]
			},
			"faces": {
				"north": {
					"uv": [5.5, 11.6875, 5.5625, 11.875],
					"texture": "#0"
				},
				"east": {
					"uv": [5.625, 11.6875, 5.6875, 11.875],
					"texture": "#0"
				},
				"south": {
					"uv": [11.6875, 6.25, 11.75, 6.4375],
					"texture": "#0"
				},
				"west": {
					"uv": [11.6875, 7.375, 11.75, 7.5625],
					"texture": "#0"
				},
				"up": {
					"uv": [0.0625, 12.3125, 0, 12.25],
					"texture": "#0"
				},
				"down": {
					"uv": [12.3125, 0, 12.25, 0.0625],
					"texture": "#0"
				}
			}
		},
		{
			"from": [28.76719, 12.56878, 11.73809],
			"to": [29.59788, 15.06084, 12.56878],
			"rotation": {
				"angle": 0,
				"axis": "y",
				"origin": [13.81481, 26.06745, 8.83069]
			},
			"faces": {
				"north": {
					"uv": [11.6875, 7.625, 11.75, 7.8125],
					"texture": "#0"
				},
				"east": {
					"uv": [7.75, 11.6875, 7.8125, 11.875],
					"texture": "#0"
				},
				"south": {
					"uv": [7.875, 11.6875, 7.9375, 11.875],
					"texture": "#0"
				},
				"west": {
					"uv": [11.6875, 7.875, 11.75, 8.0625],
					"texture": "#0"
				},
				"up": {
					"uv": [12.3125, 0.1875, 12.25, 0.125],
					"texture": "#0"
				},
				"down": {
					"uv": [12.3125, 0.25, 12.25, 0.3125],
					"texture": "#0"
				}
			}
		},
		{
			"from": [26.27513, 12.56878, 15.06084],
			"to": [27.10581, 15.06084, 15.89153],
			"rotation": {
				"angle": 0,
				"axis": "y",
				"origin": [13.81481, 26.06745, 8.83069]
			},
			"faces": {
				"north": {
					"uv": [8, 11.6875, 8.0625, 11.875],
					"texture": "#0"
				},
				"east": {
					"uv": [11.6875, 8.125, 11.75, 8.3125],
					"texture": "#0"
				},
				"south": {
					"uv": [8.5, 11.6875, 8.5625, 11.875],
					"texture": "#0"
				},
				"west": {
					"uv": [8.9375, 11.6875, 9, 11.875],
					"texture": "#0"
				},
				"up": {
					"uv": [12.3125, 0.4375, 12.25, 0.375],
					"texture": "#0"
				},
				"down": {
					"uv": [12.3125, 0.75, 12.25, 0.8125],
					"texture": "#0"
				}
			}
		},
		{
			"from": [26.27513, 15.06084, 11.73809],
			"to": [29.59788, 15.47619, 15.89153],
			"rotation": {
				"angle": 0,
				"axis": "y",
				"origin": [13.81481, 26.06745, 8.83069]
			},
			"faces": {
				"north": {
					"uv": [4, 11.3125, 4.25, 11.375],
					"texture": "#0"
				},
				"east": {
					"uv": [11.1875, 4.125, 11.5, 4.1875],
					"texture": "#0"
				},
				"south": {
					"uv": [11.3125, 4.375, 11.5625, 4.4375],
					"texture": "#0"
				},
				"west": {
					"uv": [11.1875, 4.25, 11.5, 4.3125],
					"texture": "#0"
				},
				"up": {
					"uv": [2.1875, 9.125, 1.9375, 8.8125],
					"texture": "#0"
				},
				"down": {
					"uv": [4, 8.8125, 3.75, 9.125],
					"texture": "#0"
				}
			}
		}
	]
}