{
    "type": "minecraft:entity",
    "pools": [
      {
        "rolls": {
            "max": 10,
            "min": 5
        },
        "bonus_rolls": 0,
        "entries": [
          {
            "type": "minecraft:loot_table",
            "value": "fishingrework:gameplay/fishing/water/junk"
          }
        ]
      },
      {
        "rolls": {
            "max": 5,
            "min": 1
        },
        "bonus_rolls": 0,
        "entries": [
          {
            "type": "minecraft:loot_table",
            "value": "fishingrework:gameplay/fishing/water/treasure"
          }
        ]
      },
      {
        "rolls": 1,
        "entries": [
            {
                "type": "minecraft:loot_table",
                "value": "fishingrework:entity/sunken_pirate"
            }
        ]
      }
    ],
    "random_sequence": "minecraft:entities/drowned"
  }
  