{
    "pools": [
      {
        "rolls": 1,
        "entries": [
          {
            "type": "minecraft:group",
            "children": [
              {
                "type": "minecraft:item",
                "name": "minecraft:goat_horn",
                "functions": [
                  {
                    "function": "minecraft:set_instrument",
                    "options": "#minecraft:goat_horns"
                  }
                ]
              }
            ]
          }
        ]
      }
    ]
  }
  