{
    "type": "minecraft:entity",
    "pools": [
      {
        "rolls": 1,
        "bonus_rolls": 0,
        "entries": [
          {
            "type": "minecraft:item",
            "name": "minecraft:prismarine_shard",
            "functions": [
              {
                "function": "minecraft:set_count",
                "count": {
                  "type": "minecraft:uniform",
                  "min": 2,
                  "max": 6
                },
                "add": false
              },
              {
                "function": "minecraft:enchanted_count_increase",
                "enchantment": "minecraft:looting",
                "count": {
                  "type": "minecraft:uniform",
                  "min": 0,
                  "max": 1
                }
              }
            ]
          }
        ]
      },
      {
        "rolls": 1,
        "bonus_rolls": 0,
        "entries": [
          {
            "type": "minecraft:item",
            "name": "minecraft:cod",
            "weight": 3,
            "functions": [
              {
                "function": "minecraft:enchanted_count_increase",
                "enchantment": "minecraft:looting",
                "count": {
                  "type": "minecraft:uniform",
                  "min": 2,
                  "max": 4
                }
              },
              {
                "function": "minecraft:furnace_smelt",
                "conditions": [
                  {
                    "condition": "minecraft:any_of",
                    "terms": [
                      {
                        "condition": "minecraft:entity_properties",
                        "entity": "this",
                        "predicate": {
                          "flags": {
                            "is_on_fire": true
                          }
                        }
                      },
                      {
                        "condition": "minecraft:entity_properties",
                        "entity": "direct_attacker",
                        "predicate": {
                          "equipment": {
                            "mainhand": {
                              "predicates": {
                                "minecraft:enchantments": [
                                  {
                                    "enchantments": "#minecraft:smelts_loot"
                                  }
                                ]
                              }
                            }
                          }
                        }
                      }
                    ]
                  }
                ]
              }
            ]
          },
          {
            "type": "minecraft:item",
            "name": "minecraft:prismarine_crystals",
            "weight": 2,
            "functions": [
              {
                "function": "minecraft:enchanted_count_increase",
                "enchantment": "minecraft:looting",
                "count": {
                  "type": "minecraft:uniform",
                  "min": 2,
                  "max": 6
                }
              }
            ]
          },
          {
            "type": "minecraft:empty"
          }
        ]
      },
      {
        "rolls": 1,
        "bonus_rolls": 0,
        "entries": [
          {
            "type": "minecraft:item",
            "name": "minecraft:wet_sponge"
          }
        ],
        "functions": [
          {
            "function": "minecraft:set_count",
            "count": {
              "min": 3,
              "max": 7
            }
          },
          {
            "function": "minecraft:enchanted_count_increase",
            "enchantment": "minecraft:looting",
            "count": 1
          }
        ],
        "conditions": [
          {
            "condition": "minecraft:killed_by_player",
            "inverse": true
          }
        ]
      },
      {
        "rolls": 1,
        "bonus_rolls": 0,
        "entries": [
          {
            "type": "minecraft:loot_table",
            "value": "minecraft:gameplay/fishing/fish",
            "functions": [
              {
                "function": "minecraft:furnace_smelt",
                "conditions": [
                  {
                    "condition": "minecraft:any_of",
                    "terms": [
                      {
                        "condition": "minecraft:entity_properties",
                        "entity": "this",
                        "predicate": {
                          "flags": {
                            "is_on_fire": true
                          }
                        }
                      },
                      {
                        "condition": "minecraft:entity_properties",
                        "entity": "direct_attacker",
                        "predicate": {
                          "equipment": {
                            "mainhand": {
                              "predicates": {
                                "minecraft:enchantments": [
                                  {
                                    "enchantments": "#minecraft:smelts_loot"
                                  }
                                ]
                              }
                            }
                          }
                        }
                      }
                    ]
                  }
                ]
              }
            ]
          }
        ],
        "conditions": [
          {
            "condition": "minecraft:killed_by_player"
          },
          {
            "condition": "minecraft:random_chance_with_enchanted_bonus",
            "enchantment": "minecraft:looting",
            "unenchanted_chance": 0.025,
            "enchanted_chance": {
              "type": "minecraft:linear",
              "base": 0.035,
              "per_level_above_first": 0.01
            }
          }
        ]
      },
      {
        "rolls": 1,
        "bonus_rolls": 0,
        "entries": [
          {
            "type": "minecraft:empty",
            "weight": 4
          },
          {
            "type": "minecraft:item",
            "name": "minecraft:tide_armor_trim_smithing_template"
          }
        ]
      }
    ],
    "random_sequence": "minecraft:entities/elder_guardian"
  }
  