{
    "type": "minecraft:entity",
    "pools": [
      {
        "rolls": 3,
        "bonus_rolls": 0,
        "entries": [
          {
            "type": "minecraft:item",
            "name": "minecraft:coal",
            "weight": 10,
            "functions": [
              {
                "function": "minecraft:set_count",
                "count": {
                  "type": "minecraft:uniform",
                  "min": -1,
                  "max": 3
                },
                "add": false
              },
              {
                "function": "minecraft:enchanted_count_increase",
                "enchantment": "minecraft:looting",
                "count": {
                  "type": "minecraft:uniform",
                  "min": 0,
                  "max": 1
                }
              }
            ]
          },
          {
            "type": "minecraft:item",
            "name": "minecraft:soul_torch",
            "weight": 10,
            "functions": [
              {
                "function": "minecraft:set_count",
                "count": {
                  "min": 2,
                  "max": 6
                }
              }
            ]
          },
          {
            "type": "minecraft:item",
            "name": "minecraft:soul_campfire",
            "weight": 4
          },
          {
            "type": "minecraft:item",
            "name": "minecraft:flint_and_steel",
            "weight": 5
          }
        ]
      }
    ],
    "random_sequence": "minecraft:entities/wither_skeleton"
  }
  