{
    "type": "minecraft:entity",
    "pools": [
      {
        "rolls": 20,
        "bonus_rolls": 0,
        "entries": [
          {
            "type": "minecraft:loot_table",
            "value": "minecraft:gameplay/fishing/fish",
            "functions": [
              {
                "function": "minecraft:enchanted_count_increase",
                "enchantment": "minecraft:looting",
                "count": {
                  "min": 0,
                  "max": 1
                }
              }
            ]
          }
        ]
      },
      {
        "rolls": 1,
        "bonus_rolls": 0,
        "entries": [
          {
            "type": "minecraft:item",
            "name": "minecraft:wind_charge",
            "functions": [
              {
                "function": "minecraft:set_count",
                "count": {
                  "min": -2,
                  "max": 4
                }
              }
            ]
          }
        ]
      }
    ],
    "random_sequence": "minecraft:entities/pufferfish"
  }
  