{
    "biomes": "minecraft:plains",
    "spawn_overrides": {},
    "type": "jigsaw",
    "start_pool": "mingen:minhold/centers",
    "size": 7,
    "step": "strongholds",
    "start_height": {
        "type": "minecraft:uniform",
        "min_inclusive": {
          "absolute": -58
        },
        "max_inclusive": {
          "absolute": -56
        }
      },
    "max_distance_from_center": 116,
    "terrain_adaptation": "bury",
    "liquid_settings": "ignore_waterlogging",
    "use_expansion_hack": false
}