{
  "display": {
    "icon": {
      "id": "minecraft:enchanted_book"
    },
    "title": {
      "text": "A hidden enchantment??          "
    },
    "description": {
      "text": "Using the \"Fisherman's Luck\" enchantment on any armor will give you luck like the fisherman's gear, letting you finally shed that leather armor!"
    },
    "frame": "challenge",
    "show_toast": true,
    "announce_to_chat": false,
    "hidden": true
  },
  "parent": "fishingrework:enchantment_info/enchantments_root",
  "criteria": {
    "A": {
      "trigger": "minecraft:inventory_changed",
      "conditions": {
        "items": [
          {
            "predicates": {
              "minecraft:enchantments": [
                {
                  "enchantments": "fishingrework:fishermans_luck",
                  "levels": {
                    "min": 1,
                    "max": 255
                  }
                }
              ]
            }
          }
        ]
      }
    },
    "B": {
      "trigger": "minecraft:inventory_changed",
      "conditions": {
        "items": [
          {
            "components": {
              "minecraft:stored_enchantments": {
                "fishingrework:fishermans_luck": 1
              }
            }
          }
        ]
      }
    }
  },
  "requirements": [
    [
      "A",
      "B"
    ]
  ]
}
