{
  "display": {
    "icon": {
      "id": "minecraft:stick"
    },
    "title": "Scaling",
    "description": "Scale banner",
    "show_toast": false,
    "announce_to_chat": false,
    "hidden": true
  },
  "parent": "bannerflags:root",
  "criteria": {
    "requirement": {
      "trigger": "minecraft:tick",
      "conditions": {
        "player": [
          {
            "condition": "minecraft:entity_properties",
            "entity": "this",
            "predicate": {
              "stepping_on": {
                "block": {
                  "blocks": "#bannerflags:blocks"
                }
              },
              "flags": {
                "is_sneaking": true
              },
              "equipment": {
                "mainhand": {
                  "items": "minecraft:diamond"
                }
              }
            }
          }
        ]
      }
    }
  },
  "rewards": {
    "function": "bannerflags:banner_scale_check"
  }
}