[
    {
      "function": "minecraft:set_damage",
      "damage": {
        "type": "minecraft:storage",
        "storage": "fishingrework:data",
        "path": "tempfloat.value"
      },
      "conditions": [
        {
          "condition": "minecraft:all_of",
          "terms": [
            {
              "condition": "minecraft:table_bonus",
              "enchantment": "minecraft:unbreaking",
              "chances": [
                1,
                0.5,
                0.34,
                0.25,
                0.2,
                0.167,
                0.143
              ]
            }
          ]
        }
      ]
    }
  ]
  