[
  {
    "function": "minecraft:set_count",
    "count": 0,
    "conditions": [
      {
        "condition": "minecraft:all_of",
        "terms": [
          {
            "condition": "minecraft:value_check",
            "value": {
              "type": "minecraft:score",
              "target": {
                "type": "minecraft:fixed",
                "name": "#temp2"
              },
              "score": "fr_data",
              "scale": 1
            },
            "range": {
              "min": 0,
              "max": 0
            }
          },
          {
            "condition": "minecraft:table_bonus",
            "enchantment": "minecraft:unbreaking",
            "chances": [
              1,
              0.5,
              0.34,
              0.25,
              0.2,
              0.167,
              0.143
            ]
          }
        ]
      }
    ]
  }
]
