[
    {
      "function": "minecraft:set_count",
      "count": 0,
      "conditions": [
        {
          "condition": "minecraft:all_of",
          "terms": [
            {
              "condition": "minecraft:value_check",
              "value": {
                "type": "minecraft:score",
                "target": {
                  "type": "minecraft:fixed",
                  "name": "#temp2"
                },
                "score": "fr_data",
                "scale": 1
              },
              "range": {
                "min": -100,
                "max": 0
              }
            }
          ]
        }
      ]
    },
    {
      "function": "minecraft:set_damage",
      "damage": {
        "type": "minecraft:score",
        "target": {
          "type": "minecraft:fixed",
          "name": "#temp2"
        },
        "score": "fr_data",
        "scale": 0.00001
      }
    }
  ]
  