{
    "type": "minecraft:fishing",
    "pools": [
      {
        "rolls": 1,
        "bonus_rolls": 0,
        "entries": [
          {
            "type": "minecraft:loot_table",
            "value": "fishingrework:gameplay/fishing/biome/underground",
            "conditions": [
              {
                "condition": "minecraft:location_check",
                "predicate": {
                  "position": {
                    "y": {
                      "min": -2,
                      "max": 40
                    }
                  }
                }
              }
            ]
          },
          {
            "type": "minecraft:loot_table",
            "value": "fishingrework:gameplay/fishing/biome/deep_underground",
            "conditions": [
              {
                "condition": "minecraft:location_check",
                "predicate": {
                  "position": {
                    "y": {
                      "min": -999,
                      "max": -3
                    }
                  }
                }
              }
            ]
          },
          {
            "type": "minecraft:loot_table",
            "value": "fishingrework:gameplay/fishing/biome/lush_cave",
            "conditions": [
              {
                "condition": "minecraft:location_check",
                "predicate": {
                  "biomes": "minecraft:lush_caves"
                }
              }
            ]
          },
          {
            "type": "minecraft:loot_table",
            "value": "fishingrework:gameplay/fishing/biome/dripstone_caves",
            "conditions": [
              {
                "condition": "minecraft:location_check",
                "predicate": {
                  "biomes": "minecraft:dripstone_caves"
                }
              }
            ]
          },
          {
            "type": "minecraft:loot_table",
            "value": "fishingrework:gameplay/fishing/biome/deep_dark",
            "conditions": [
              {
                "condition": "minecraft:location_check",
                "predicate": {
                  "biomes": "minecraft:deep_dark"
                }
              }
            ]
          },
          {
            "type": "minecraft:loot_table",
            "value": "fishingrework:gameplay/fishing/biome/warm_ocean",
            "weight": 3,
            "conditions": [
              {
                "condition": "minecraft:location_check",
                "predicate": {
                  "biomes": "minecraft:warm_ocean"
                }
              }
            ]
          },
          {
            "type": "minecraft:loot_table",
            "value": "fishingrework:gameplay/fishing/biome/oceans",
            "conditions": [
              {
                "condition": "minecraft:location_check",
                "predicate": {
                  "biomes": "#minecraft:is_ocean"
                }
              }
            ]
          },
          {
            "type": "minecraft:loot_table",
            "value": "fishingrework:gameplay/fishing/biome/rivers",
            "conditions": [
              {
                "condition": "minecraft:location_check",
                "predicate": {
                  "biomes": "#minecraft:is_river"
                }
              }
            ]
          },
          {
            "type": "minecraft:loot_table",
            "value": "fishingrework:gameplay/fishing/biome/cold_biomes",
            "conditions": [
              {
                "condition": "minecraft:location_check",
                "predicate": {
                  "biomes": [
                  "minecraft:snowy_beach",
                  "minecraft:snowy_plains",
                  "minecraft:snowy_slopes",
                  "minecraft:snowy_taiga",
                  "minecraft:frozen_river",
                  "minecraft:deep_frozen_ocean",
                  "minecraft:frozen_ocean",
                  "minecraft:frozen_peaks",
                  "minecraft:ice_spikes",
                  "minecraft:grove",
                  "minecraft:jagged_peaks"
                  ]
                }
              }
            ]
          },
          {
            "type": "minecraft:loot_table",
            "value": "fishingrework:gameplay/fishing/biome/simple_forest",
            "conditions": [
              {
                "condition": "minecraft:location_check",
                "predicate": {
                  "biomes": [
                  "minecraft:plains",
                  "minecraft:forest",
                  "minecraft:birch_forest",
                  "minecraft:old_growth_birch_forest",
                  "minecraft:sunflower_plains",
                  "minecraft:dark_forest",
                  "minecraft:windswept_forest"
                  ]
                }
              }
            ]
          },
          {
            "type": "minecraft:loot_table",
            "value": "fishingrework:gameplay/fishing/biome/mushroom_island",
            "conditions": [
              {
                "condition": "minecraft:location_check",
                "predicate": {
                  "biomes": "minecraft:mushroom_fields"
                }
              }
            ]
          },
          {
            "type": "minecraft:loot_table",
            "value": "fishingrework:gameplay/fishing/biome/swamp",
            "conditions": [
              {
                "condition": "minecraft:location_check",
                "predicate": {
                  "biomes": [
                  "minecraft:swamp",
                  "minecraft:mangrove_swamp"
                  ]
                }
              }
            ]
          },
          {
            "type": "minecraft:loot_table",
            "value": "fishingrework:gameplay/fishing/biome/badlands",
            "conditions": [
              {
                "condition": "minecraft:location_check",
                "predicate": {
                  "biomes": [
                  "minecraft:savanna",
                  "minecraft:savanna_plateau",
                  "minecraft:windswept_savanna",
                  "minecraft:badlands",
                  "minecraft:eroded_badlands",
                  "minecraft:wooded_badlands"
                  ]
                }
              }
            ]
          },
          {
            "type": "minecraft:loot_table",
            "value": "fishingrework:gameplay/fishing/biome/desert",
            "conditions": [
              {
                "condition": "minecraft:location_check",
                "predicate": {
                  "biomes": "minecraft:desert"
                }
              }
            ]
          },
          {
            "type": "minecraft:loot_table",
            "value": "fishingrework:gameplay/fishing/biome/flower_forest",
            "conditions": [
              {
                "condition": "minecraft:location_check",
                "predicate": {
                  "biomes": "minecraft:flower_forest"
                }
              }
            ]
          },
          {
            "type": "minecraft:loot_table",
            "value": "fishingrework:gameplay/fishing/biome/mountains",
            "conditions": [
              {
                "condition": "minecraft:location_check",
                "predicate": {
                  "biomes": [
                    "minecraft:grove",
                    "minecraft:snowy_slopes",
                    "minecraft:jagged_peaks",
                    "minecraft:frozen_peaks",
                    "minecraft:windswept_savanna",
                    "minecraft:savanna_plateau",
                    "minecraft:windswept_hills",
                    "minecraft:windswept_gravelly_hills",
                    "minecraft:windswept_forest",
                    "minecraft:stony_shore"
                ]
                }
              }
            ]
          },
          {
            "type": "minecraft:loot_table",
            "value": "fishingrework:gameplay/fishing/biome/end",
            "conditions": [
              {
                "condition": "minecraft:location_check",
                "predicate": {
                  "biomes": [
                  "minecraft:the_end",
                  "minecraft:end_barrens",
                  "minecraft:end_highlands",
                  "minecraft:end_midlands",
                  "minecraft:small_end_islands"
                ]
                }
              }
            ]
          },
          {
            "type": "minecraft:loot_table",
            "value": "fishingrework:gameplay/fishing/biome/jungle",
            "conditions": [
              {
                "condition": "minecraft:location_check",
                "predicate": {
                  "biomes": [
                  "minecraft:jungle",
                  "minecraft:bamboo_jungle",
                  "minecraft:sparse_jungle"
                ]
                }
              }
            ]
          }
        ]
      }
    ]
  }
  