{
    "type": "minecraft:fishing",
    "pools": [
      {
        "rolls": 1,
        "bonus_rolls": 0,
        "entries": [
          {
            "type": "minecraft:item",
            "name": "minecraft:raw_gold"
          },
          {
            "type": "minecraft:item",
            "name": "minecraft:raw_gold_block"
          },
          {
            "type": "minecraft:item",
            "name": "minecraft:dead_bush"
          },
          {
            "type": "minecraft:item",
            "name": "minecraft:cactus"
          },
          {
            "type": "minecraft:item",
            "name": "minecraft:tall_grass"
          },
          {
            "type": "minecraft:item",
            "name": "minecraft:red_sand"
          },
          {
            "type": "minecraft:item",
            "name": "minecraft:armadillo_scute",
            "functions": [
              {
                "function": "minecraft:set_components",
                "components": {
                  "minecraft:food": {
                    "nutrition": 7,
                    "saturation": 5.7
                  },
                  "minecraft:item_name": "\"Scalyfin Tuna\""
                }
              }
            ]
          }
        ]
      }
    ],
    "random_sequence": "minecraft:gameplay/fishing/fish"
  }
  