{
  "type": "minecraft:fishing",
  "pools": [
    {
      "rolls": 1,
      "bonus_rolls": 0,
      "entries": [
        {
          "type": "minecraft:item",
          "name": "minecraft:deepslate_redstone_ore",
          "weight": 15,
          "functions": [
            {
              "function": "minecraft:set_count",
              "count": {
                "min": 1,
                "max": 3
              }
            }
          ]
        },
        {
          "type": "minecraft:item",
          "name": "minecraft:deepslate_lapis_ore",
          "weight": 15
        },
        {
          "type": "minecraft:item",
          "name": "minecraft:dirt",
          "weight": 10
        },
        {
          "type": "minecraft:item",
          "name": "minecraft:gravel",
          "weight": 10,
          "functions": [
            {
              "function": "minecraft:set_count",
              "count": {
                "min": 1,
                "max": 3
              }
            }
          ]
        },
        {
          "type": "minecraft:item",
          "name": "minecraft:diamond",
          "weight": 1,
          "functions": [
            {
              "function": "minecraft:set_components",
              "components": {
                "minecraft:food": {
                  "nutrition": 5,
                  "saturation": 6,
                  "effects": [
                    {
                      "effect": {
                        "id": "minecraft:resistance",
                        "duration": 200
                      }
                    }
                  ]
                },
                "minecraft:item_name": "\"Legendary Scalefish\""
              }
            }
          ]
        },
        {
          "type": "minecraft:item",
          "name": "minecraft:glow_lichen",
          "weight": 10
        }
      ]
    }
  ],
  "random_sequence": "minecraft:gameplay/fishing/fish"
}
