{
    "type": "minecraft:fishing",
    "pools": [
      {
        "rolls": 1,
        "bonus_rolls": 0,
        "entries": [
          {
            "type": "minecraft:item",
            "name": "minecraft:shulker_box",
            "weight": 1
          },
          {
            "type": "minecraft:item",
            "name": "minecraft:chorus_fruit",
            "weight": 3
          },
          {
            "type": "minecraft:item",
            "name": "minecraft:dragon_breath",
            "weight": 1
          },
          {
            "type": "minecraft:item",
            "name": "minecraft:phantom_membrane",
            "weight": 3
          },
          {
            "type": "minecraft:item",
            "name": "minecraft:end_stone",
            "weight": 4,
            "functions": [
            {
              "function": "minecraft:set_count",
              "count": {
                "min": 1,
                "max": 6
              }
            }
          ]
          },
          {
            "type": "minecraft:item",
            "name": "minecraft:ender_pearl",
            "weight": 4,
            "functions": [
            {
              "function": "minecraft:set_count",
              "count": {
                "min": 1,
                "max": 2
              }
            }
          ]
          },
          {
            "type": "minecraft:item",
            "name": "minecraft:warped_roots",
            "weight": 4,
            "functions": [
              {
                "function": "minecraft:set_components",
                "components": {
                  "minecraft:food": {
                    "nutrition": 4,
                    "saturation": 2.4
                  },
                  "minecraft:item_name": "\"End Eyefish\"",
                  "rarity": "uncommon"
                }
              }
            ]
          }
        ]
      }
    ],
    "random_sequence": "minecraft:gameplay/fishing/fish"
  }
  