{
    "type": "minecraft:fishing",
    "pools": [
      {
        "rolls": 1,
        "bonus_rolls": 0,
        "entries": [
          {
            "type": "minecraft:item",
            "name": "minecraft:poppy",
            "weight": 4
          },
          {
            "type": "minecraft:item",
            "name": "minecraft:cornflower",
            "weight": 4
          },
          {
            "type": "minecraft:item",
            "name": "minecraft:dandelion",
            "weight": 4
          },
          {
            "type": "minecraft:item",
            "name": "minecraft:lilac",
            "weight": 4
          },
          {
            "type": "minecraft:item",
            "name": "minecraft:rose_bush",
            "weight": 4
          },
          {
            "type": "minecraft:item",
            "name": "minecraft:peony",
            "weight": 4
          },
          {
            "type": "minecraft:item",
            "name": "minecraft:allium",
            "weight": 4
          },
          {
            "type": "minecraft:item",
            "name": "minecraft:sunflower",
            "weight": 2
          },
          {
            "type": "minecraft:item",
            "name": "minecraft:lily_of_the_valley",
            "weight": 4
          },
          {
            "type": "minecraft:item",
            "name": "minecraft:azure_bluet",
            "weight": 4
          },
          {
            "type": "minecraft:item",
            "name": "minecraft:oxeye_daisy",
            "weight": 4
          },
          {
            "type": "minecraft:item",
            "name": "minecraft:wither_rose",
            "weight": 1
          },
          {
            "type": "minecraft:item",
            "name": "minecraft:white_tulip",
            "weight": 4,
            "functions": [
              {
                "function": "minecraft:set_components",
                "components": {
                  "minecraft:food": {
                    "nutrition": 4,
                    "saturation": 2.4
                  },
                  "minecraft:item_name": "\"White Tulipfish\""
                }
              }
            ]
          },
          {
            "type": "minecraft:item",
            "name": "minecraft:pink_tulip",
            "weight": 4,
            "functions": [
              {
                "function": "minecraft:set_components",
                "components": {
                  "minecraft:food": {
                    "nutrition": 4,
                    "saturation": 2.4
                  },
                  "minecraft:item_name": "\"Pink Tulipfish\""
                }
              }
            ]
          },
          {
            "type": "minecraft:item",
            "name": "minecraft:red_tulip",
            "weight": 4,
            "functions": [
              {
                "function": "minecraft:set_components",
                "components": {
                  "minecraft:food": {
                    "nutrition": 4,
                    "saturation": 2.4
                  },
                  "minecraft:item_name": "\"Red Tulipfish\""
                }
              }
            ]
          },
          {
            "type": "minecraft:item",
            "name": "minecraft:orange_tulip",
            "weight": 4,
            "functions": [
              {
                "function": "minecraft:set_components",
                "components": {
                  "minecraft:food": {
                    "nutrition": 4,
                    "saturation": 2.4
                  },
                  "minecraft:item_name": "\"Orange Tulipfish\""
                }
              }
            ]
          }
        ]
      }
    ],
    "random_sequence": "minecraft:gameplay/fishing/fish"
  }
  