{
    "type": "minecraft:fishing",
    "pools": [
      {
        "rolls": 1,
        "bonus_rolls": 0,
        "entries": [
          {
            "type": "minecraft:item",
            "name": "minecraft:prismarine_shard"
          },
          {
            "type": "minecraft:item",
            "name": "minecraft:prismarine_crystals"
          },
          {
            "type": "minecraft:item",
            "name": "minecraft:nautilus_shell"
          },
          {
            "type": "minecraft:item",
            "name": "minecraft:ink_sac"
          },
          {
            "type": "minecraft:item",
            "name": "minecraft:kelp"
          },
          {
            "type": "minecraft:item",
            "name": "minecraft:seagrass"
          },
          {
            "type": "minecraft:item",
            "name": "minecraft:turtle_egg"
          }
        ]
      }
    ],
    "random_sequence": "minecraft:gameplay/fishing/fish"
  }
  