{
    "type": "minecraft:fishing",
    "pools": [
      {
        "rolls": 1,
        "bonus_rolls": 0,
        "entries": [
          {
            "type": "minecraft:item",
            "name": "minecraft:stick"
          },
          {
            "type": "minecraft:item",
            "name": "minecraft:apple"
          },
          {
            "type": "minecraft:item",
            "name": "minecraft:potato"
          },
          {
            "type": "minecraft:item",
            "name": "minecraft:carrot"
          }
        ]
      }
    ],
    "random_sequence": "minecraft:gameplay/fishing/fish"
  }
  