{
	"textures": {
		"0": "animated_java:item/fabricator/fabricator"
	},
	"display": {
		"head": {
			"rotation": [0, 180, 0]
		}
	},
	"elements": [
		{
			"from": [4.08163, 31.02041, 3.10204],
			"to": [5.06122, 32, 12.89796],
			"rotation": {
				"angle": 0,
				"axis": "y",
				"origin": [8, 8, 8]
			},
			"faces": {
				"north": {
					"uv": [7.75, 1.25, 7.875, 1.375],
					"texture": "#0"
				},
				"east": {
					"uv": [6.875, 6.75, 8.125, 6.875],
					"texture": "#0"
				},
				"south": {
					"uv": [7.75, 1.375, 7.875, 1.5],
					"texture": "#0"
				},
				"west": {
					"uv": [6.875, 6.875, 8.125, 7],
					"texture": "#0"
				},
				"up": {
					"uv": [3.5, 8.125, 3.375, 6.875],
					"texture": "#0"
				},
				"down": {
					"uv": [6.625, 6.875, 6.5, 8.125],
					"texture": "#0"
				}
			}
		}
	]
}