{
    "name": "mingen:dead_tree",
    "fallback": "minecraft:empty",
    "elements": [
        {
            "weight": 1,
            "element": {
                "location": "mingen:dead_tree",
                "processors": "minecraft:empty",
                "projection": "rigid",
                "element_type": "minecraft:single_pool_element"
            }
        },
        {
            "weight": 1,
            "element": {
                "location": "mingen:dead_tree_1",
                "processors": "minecraft:empty",
                "projection": "rigid",
                "element_type": "minecraft:single_pool_element"
            }
        },
        {
            "weight": 1,
            "element": {
                "location": "mingen:dead_tree_2",
                "processors": "minecraft:empty",
                "projection": "rigid",
                "element_type": "minecraft:single_pool_element"
            }
        }
    ]
}