{
    "type": "minecraft:chest",
    "pools": [
      {
        "rolls": 8,
        "entries": [
          {
            "type": "minecraft:item",
            "name": "minecraft:moss_block",
            "weight": 15,
            "functions": [
              {
                "function": "minecraft:set_count",
                "count": {
                  "min": 0,
                  "max": 20
                }
              }
            ]
          },
          {
            "type": "minecraft:item",
            "name": "minecraft:big_dripleaf",
            "weight": 10,
            "functions": [
              {
                "function": "minecraft:set_count",
                "count": {
                  "min": 0,
                  "max": 15
                }
              }
            ]
          },
          {
            "type": "minecraft:item",
            "name": "minecraft:small_dripleaf",
            "weight": 10,
            "functions": [
              {
                "function": "minecraft:set_count",
                "count": {
                  "min": 0,
                  "max": 15
                }
              }
            ]
          },
          {
            "type": "minecraft:item",
            "name": "minecraft:spore_blossom",
            "weight": 10,
            "functions": [
              {
                "function": "minecraft:set_count",
                "count": {
                  "min": 0,
                  "max": 7
                }
              }
            ]
          },
          {
            "type": "minecraft:item",
            "name": "minecraft:glow_berries",
            "weight": 10,
            "functions": [
              {
                "function": "minecraft:set_count",
                "count": {
                  "min": 0,
                  "max": 15
                }
              }
            ]
          },
          {
            "type": "minecraft:item",
            "name": "minecraft:glow_lichen",
            "weight": 10,
            "functions": [
              {
                "function": "minecraft:set_count",
                "count": {
                  "min": 0,
                  "max": 15
                }
              }
            ]
          },
          {
            "type": "minecraft:group",
            "children": [
              {
                "type": "minecraft:item",
                "name": "minecraft:acacia_leaves",
                "weight": 7,
                "functions": [
                  {
                    "function": "minecraft:set_count",
                    "count": {
                      "min": 0,
                      "max": 32
                    }
                  }
                ]
              },
              {
                "type": "minecraft:item",
                "name": "minecraft:azalea_leaves",
                "weight": 7,
                "functions": [
                  {
                    "function": "minecraft:set_count",
                    "count": {
                      "min": 0,
                      "max": 32
                    }
                  }
                ]
              },
              {
                "type": "minecraft:item",
                "name": "minecraft:birch_leaves",
                "weight": 7,
                "functions": [
                  {
                    "function": "minecraft:set_count",
                    "count": {
                      "min": 0,
                      "max": 32
                    }
                  }
                ]
              },
              {
                "type": "minecraft:item",
                "name": "minecraft:cherry_leaves",
                "weight": 7,
                "functions": [
                  {
                    "function": "minecraft:set_count",
                    "count": {
                      "min": 0,
                      "max": 32
                    }
                  }
                ]
              },
              {
                "type": "minecraft:item",
                "name": "minecraft:dark_oak_leaves",
                "weight": 7,
                "functions": [
                  {
                    "function": "minecraft:set_count",
                    "count": {
                      "min": 0,
                      "max": 32
                    }
                  }
                ]
              },
              {
                "type": "minecraft:item",
                "name": "minecraft:flowering_azalea_leaves",
                "weight": 7,
                "functions": [
                  {
                    "function": "minecraft:set_count",
                    "count": {
                      "min": 0,
                      "max": 32
                    }
                  }
                ]
              },
              {
                "type": "minecraft:item",
                "name": "minecraft:jungle_leaves",
                "weight": 7,
                "functions": [
                  {
                    "function": "minecraft:set_count",
                    "count": {
                      "min": 0,
                      "max": 32
                    }
                  }
                ]
              },
              {
                "type": "minecraft:item",
                "name": "minecraft:mangrove_leaves",
                "weight": 7,
                "functions": [
                  {
                    "function": "minecraft:set_count",
                    "count": {
                      "min": 0,
                      "max": 32
                    }
                  }
                ]
              },
              {
                "type": "minecraft:item",
                "name": "minecraft:oak_leaves",
                "weight": 7,
                "functions": [
                  {
                    "function": "minecraft:set_count",
                    "count": {
                      "min": 0,
                      "max": 32
                    }
                  }
                ]
              },
              {
                "type": "minecraft:item",
                "name": "minecraft:spruce_leaves",
                "weight": 7,
                "functions": [
                  {
                    "function": "minecraft:set_count",
                    "count": {
                      "min": 0,
                      "max": 32
                    }
                  }
                ]
              }
            ]
          }
        ]
      }
    ]
  }
  