{
    "type": "minecraft:archaeology",
    "pools": [
      {
        "rolls": 1,
        "bonus_rolls": 0,
        "entries": [
          {
            "type": "minecraft:item",
            "name": "minecraft:emerald",
            "weight": 3
          },
          {
            "type": "minecraft:item",
            "name": "minecraft:wheat",
            "weight": 3
          },
          {
            "type": "minecraft:item",
            "name": "minecraft:wooden_hoe",
            "weight": 3
          },
          {
            "type": "minecraft:item",
            "name": "minecraft:clay",
            "weight": 3
          },
          {
            "type": "minecraft:item",
            "name": "minecraft:brick",
            "weight": 3
          },
          {
            "type": "minecraft:item",
            "name": "minecraft:yellow_dye",
            "weight": 3
          },
          {
            "type": "minecraft:item",
            "name": "minecraft:blue_dye",
            "weight": 3
          },
          {
            "type": "minecraft:item",
            "name": "minecraft:light_blue_dye",
            "weight": 3
          },
          {
            "type": "minecraft:item",
            "name": "minecraft:white_dye",
            "weight": 3
          },
          {
            "type": "minecraft:item",
            "name": "minecraft:orange_dye",
            "weight": 3
          },
          {
            "type": "minecraft:item",
            "name": "minecraft:red_candle",
            "weight": 3
          },
          {
            "type": "minecraft:item",
            "name": "minecraft:green_candle",
            "weight": 3
          },
          {
            "type": "minecraft:item",
            "name": "minecraft:purple_candle",
            "weight": 3
          },
          {
            "type": "minecraft:item",
            "name": "minecraft:brown_candle",
            "weight": 3
          },
          {
            "type": "minecraft:item",
            "name": "minecraft:magenta_stained_glass_pane",
            "weight": 2
          },
          {
            "type": "minecraft:item",
            "name": "minecraft:pink_stained_glass_pane",
            "weight": 2
          },
          {
            "type": "minecraft:item",
            "name": "minecraft:blue_stained_glass_pane",
            "weight": 2
          },
          {
            "type": "minecraft:item",
            "name": "minecraft:light_blue_stained_glass_pane",
            "weight": 2
          },
          {
            "type": "minecraft:item",
            "name": "minecraft:red_stained_glass_pane",
            "weight": 2
          },
          {
            "type": "minecraft:item",
            "name": "minecraft:yellow_stained_glass_pane",
            "weight": 2
          },
          {
            "type": "minecraft:item",
            "name": "minecraft:purple_stained_glass_pane",
            "weight": 2
          },
          {
            "type": "minecraft:item",
            "name": "minecraft:spruce_hanging_sign",
            "weight": 2
          },
          {
            "type": "minecraft:item",
            "name": "minecraft:oak_hanging_sign",
            "weight": 2
          },
          {
            "type": "minecraft:item",
            "name": "minecraft:gold_nugget",
            "weight": 2
          },
          {
            "type": "minecraft:item",
            "name": "minecraft:coal",
            "weight": 2
          },
          {
            "type": "minecraft:item",
            "name": "minecraft:wheat_seeds",
            "weight": 2
          },
          {
            "type": "minecraft:item",
            "name": "minecraft:beetroot_seeds",
            "weight": 2
          },
          {
            "type": "minecraft:item",
            "name": "minecraft:dead_bush",
            "weight": 2
          },
          {
            "type": "minecraft:item",
            "name": "minecraft:flower_pot",
            "weight": 2
          },
          {
            "type": "minecraft:item",
            "name": "minecraft:string",
            "weight": 2
          },
          {
            "type": "minecraft:item",
            "name": "minecraft:lead",
            "weight": 2
          },
          {
            "type": "minecraft:item",
            "name": "minecraft:burn_pottery_sherd"
          },
          {
            "type": "minecraft:item",
            "name": "minecraft:danger_pottery_sherd"
          },
          {
            "type": "minecraft:item",
            "name": "minecraft:friend_pottery_sherd"
          },
          {
            "type": "minecraft:item",
            "name": "minecraft:heart_pottery_sherd"
          },
          {
            "type": "minecraft:item",
            "name": "minecraft:heartbreak_pottery_sherd"
          },
          {
            "type": "minecraft:item",
            "name": "minecraft:howl_pottery_sherd"
          },
          {
            "type": "minecraft:item",
            "name": "minecraft:sheaf_pottery_sherd"
          },
          {
            "type": "minecraft:item",
            "name": "minecraft:wayfinder_armor_trim_smithing_template"
          },
          {
            "type": "minecraft:item",
            "name": "minecraft:raiser_armor_trim_smithing_template"
          },
          {
            "type": "minecraft:item",
            "name": "minecraft:shaper_armor_trim_smithing_template"
          },
          {
            "type": "minecraft:item",
            "name": "minecraft:host_armor_trim_smithing_template"
          },
          {
            "type": "minecraft:item",
            "name": "minecraft:music_disc_relic"
          }
        ]
      }
    ],
    "random_sequence": "minecraft:archaeology/trail_ruins_common"
  }
  