{
	"textures": {
		"0": "animated_java:item/buggy/buggy"
	},
	"display": {
		"head": {
			"rotation": [0, 180, 0]
		}
	},
	"elements": [
		{
			"from": [5.9833, 12, 6.4087],
			"to": [9.9873, 16, 9.5913],
			"rotation": {
				"angle": 0,
				"axis": "y",
				"origin": [23.9853, 8, 8]
			},
			"faces": {
				"north": {
					"uv": [8.125, 5.75, 8.375, 6],
					"texture": "#0"
				},
				"east": {
					"uv": [10.875, 9.25, 11.0625, 9.5],
					"texture": "#0"
				},
				"south": {
					"uv": [8.125, 6.125, 8.375, 6.375],
					"texture": "#0"
				},
				"west": {
					"uv": [10.875, 9.625, 11.0625, 9.875],
					"texture": "#0"
				},
				"up": {
					"uv": [11.125, 10.1875, 10.875, 10],
					"texture": "#0"
				},
				"down": {
					"uv": [11.25, 0, 11, 0.1875],
					"texture": "#0"
				}
			}
		},
		{
			"from": [5.9853, 12, 6.4087],
			"to": [9.9853, 16, 9.5913],
			"rotation": {
				"angle": -22.5,
				"axis": "x",
				"origin": [23.9853, 8, 8]
			},
			"faces": {
				"north": {
					"uv": [8.125, 6.5, 8.375, 6.75],
					"texture": "#0"
				},
				"east": {
					"uv": [11, 0.375, 11.1875, 0.625],
					"texture": "#0"
				},
				"south": {
					"uv": [6.875, 8.125, 7.125, 8.375],
					"texture": "#0"
				},
				"west": {
					"uv": [0.75, 11, 0.9375, 11.25],
					"texture": "#0"
				},
				"up": {
					"uv": [11.25, 0.9375, 11, 0.75],
					"texture": "#0"
				},
				"down": {
					"uv": [1.375, 11, 1.125, 11.1875],
					"texture": "#0"
				}
			}
		},
		{
			"from": [5.9833, 12, 6.4087],
			"to": [9.9873, 16, 9.5913],
			"rotation": {
				"angle": -45,
				"axis": "x",
				"origin": [23.9853, 8, 8]
			},
			"faces": {
				"north": {
					"uv": [7.25, 8.125, 7.5, 8.375],
					"texture": "#0"
				},
				"east": {
					"uv": [11, 1.125, 11.1875, 1.375],
					"texture": "#0"
				},
				"south": {
					"uv": [8.25, 0, 8.5, 0.25],
					"texture": "#0"
				},
				"west": {
					"uv": [1.5, 11, 1.6875, 11.25],
					"texture": "#0"
				},
				"up": {
					"uv": [11.25, 1.6875, 11, 1.5],
					"texture": "#0"
				},
				"down": {
					"uv": [2.125, 11, 1.875, 11.1875],
					"texture": "#0"
				}
			}
		},
		{
			"from": [5.9853, 6.4087, 0],
			"to": [9.9853, 9.5913, 4],
			"rotation": {
				"angle": 22.5,
				"axis": "x",
				"origin": [23.9853, 8, 8]
			},
			"faces": {
				"north": {
					"uv": [2.25, 11, 2.5, 11.1875],
					"texture": "#0"
				},
				"east": {
					"uv": [2.625, 11, 2.875, 11.1875],
					"texture": "#0"
				},
				"south": {
					"uv": [11, 2.625, 11.25, 2.8125],
					"texture": "#0"
				},
				"west": {
					"uv": [3, 11, 3.25, 11.1875],
					"texture": "#0"
				},
				"up": {
					"uv": [8.5, 0.625, 8.25, 0.375],
					"texture": "#0"
				},
				"down": {
					"uv": [0.875, 8.25, 0.625, 8.5],
					"texture": "#0"
				}
			}
		},
		{
			"from": [5.9833, 6.4087, 0],
			"to": [9.9873, 9.5913, 4],
			"rotation": {
				"angle": 0,
				"axis": "y",
				"origin": [23.9853, 8, 8]
			},
			"faces": {
				"north": {
					"uv": [11, 3, 11.25, 3.1875],
					"texture": "#0"
				},
				"east": {
					"uv": [3.375, 11, 3.625, 11.1875],
					"texture": "#0"
				},
				"south": {
					"uv": [11, 3.375, 11.25, 3.5625],
					"texture": "#0"
				},
				"west": {
					"uv": [3.75, 11, 4, 11.1875],
					"texture": "#0"
				},
				"up": {
					"uv": [1.25, 8.5, 1, 8.25],
					"texture": "#0"
				},
				"down": {
					"uv": [8.5, 2.125, 8.25, 2.375],
					"texture": "#0"
				}
			}
		},
		{
			"from": [5.9833, 0, 6.4087],
			"to": [9.9873, 4, 9.5913],
			"rotation": {
				"angle": 0,
				"axis": "y",
				"origin": [23.9853, 8, 8]
			},
			"faces": {
				"north": {
					"uv": [2.625, 8.25, 2.875, 8.5],
					"texture": "#0"
				},
				"east": {
					"uv": [11, 3.75, 11.1875, 4],
					"texture": "#0"
				},
				"south": {
					"uv": [3, 8.25, 3.25, 8.5],
					"texture": "#0"
				},
				"west": {
					"uv": [11, 4.875, 11.1875, 5.125],
					"texture": "#0"
				},
				"up": {
					"uv": [11.25, 5.4375, 11, 5.25],
					"texture": "#0"
				},
				"down": {
					"uv": [11.25, 5.625, 11, 5.8125],
					"texture": "#0"
				}
			}
		},
		{
			"from": [5.9853, 0, 6.4087],
			"to": [9.9853, 4, 9.5913],
			"rotation": {
				"angle": -22.5,
				"axis": "x",
				"origin": [23.9853, 8, 8]
			},
			"faces": {
				"north": {
					"uv": [3.375, 8.25, 3.625, 8.5],
					"texture": "#0"
				},
				"east": {
					"uv": [11, 6, 11.1875, 6.25],
					"texture": "#0"
				},
				"south": {
					"uv": [3.75, 8.25, 4, 8.5],
					"texture": "#0"
				},
				"west": {
					"uv": [11, 6.375, 11.1875, 6.625],
					"texture": "#0"
				},
				"up": {
					"uv": [6.75, 11.1875, 6.5, 11],
					"texture": "#0"
				},
				"down": {
					"uv": [11.25, 7.5, 11, 7.6875],
					"texture": "#0"
				}
			}
		},
		{
			"from": [5.9833, 0, 6.4087],
			"to": [9.9873, 4, 9.5913],
			"rotation": {
				"angle": -45,
				"axis": "x",
				"origin": [23.9853, 8, 8]
			},
			"faces": {
				"north": {
					"uv": [4.125, 8.25, 4.375, 8.5],
					"texture": "#0"
				},
				"east": {
					"uv": [11, 7.875, 11.1875, 8.125],
					"texture": "#0"
				},
				"south": {
					"uv": [4.5, 8.25, 4.75, 8.5],
					"texture": "#0"
				},
				"west": {
					"uv": [11, 8.25, 11.1875, 8.5],
					"texture": "#0"
				},
				"up": {
					"uv": [9.5, 11.1875, 9.25, 11],
					"texture": "#0"
				},
				"down": {
					"uv": [9.875, 11, 9.625, 11.1875],
					"texture": "#0"
				}
			}
		},
		{
			"from": [5.9853, 6.4087, 12],
			"to": [9.9853, 9.5913, 16],
			"rotation": {
				"angle": 22.5,
				"axis": "x",
				"origin": [23.9853, 8, 8]
			},
			"faces": {
				"north": {
					"uv": [10, 11, 10.25, 11.1875],
					"texture": "#0"
				},
				"east": {
					"uv": [10.375, 11, 10.625, 11.1875],
					"texture": "#0"
				},
				"south": {
					"uv": [11, 10.375, 11.25, 10.5625],
					"texture": "#0"
				},
				"west": {
					"uv": [10.75, 11, 11, 11.1875],
					"texture": "#0"
				},
				"up": {
					"uv": [5.125, 8.5, 4.875, 8.25],
					"texture": "#0"
				},
				"down": {
					"uv": [5.5, 8.25, 5.25, 8.5],
					"texture": "#0"
				}
			}
		},
		{
			"from": [5.9833, 6.4087, 12],
			"to": [9.9873, 9.5913, 16],
			"rotation": {
				"angle": 0,
				"axis": "y",
				"origin": [23.9853, 8, 8]
			},
			"faces": {
				"north": {
					"uv": [0, 11.125, 0.25, 11.3125],
					"texture": "#0"
				},
				"east": {
					"uv": [0.375, 11.125, 0.625, 11.3125],
					"texture": "#0"
				},
				"south": {
					"uv": [11.125, 1.875, 11.375, 2.0625],
					"texture": "#0"
				},
				"west": {
					"uv": [11.125, 2.25, 11.375, 2.4375],
					"texture": "#0"
				},
				"up": {
					"uv": [5.875, 8.5, 5.625, 8.25],
					"texture": "#0"
				},
				"down": {
					"uv": [6.75, 8.25, 6.5, 8.5],
					"texture": "#0"
				}
			}
		},
		{
			"from": [5.9853, 6.4087, 0],
			"to": [9.9853, 9.5913, 4],
			"rotation": {
				"angle": -22.5,
				"axis": "x",
				"origin": [23.9853, 8, 8]
			},
			"faces": {
				"north": {
					"uv": [5, 11.125, 5.25, 11.3125],
					"texture": "#0"
				},
				"east": {
					"uv": [5.375, 11.125, 5.625, 11.3125],
					"texture": "#0"
				},
				"south": {
					"uv": [5.75, 11.125, 6, 11.3125],
					"texture": "#0"
				},
				"west": {
					"uv": [6.125, 11.125, 6.375, 11.3125],
					"texture": "#0"
				},
				"up": {
					"uv": [8.25, 8.5, 8, 8.25],
					"texture": "#0"
				},
				"down": {
					"uv": [0.25, 8.375, 0, 8.625],
					"texture": "#0"
				}
			}
		},
		{
			"from": [5.9833, 6.4087, 0],
			"to": [9.9873, 9.5913, 4],
			"rotation": {
				"angle": -45,
				"axis": "x",
				"origin": [23.9853, 8, 8]
			},
			"faces": {
				"north": {
					"uv": [6.875, 11.125, 7.125, 11.3125],
					"texture": "#0"
				},
				"east": {
					"uv": [7.75, 11.125, 8, 11.3125],
					"texture": "#0"
				},
				"south": {
					"uv": [8.5, 11.125, 8.75, 11.3125],
					"texture": "#0"
				},
				"west": {
					"uv": [11.125, 10.75, 11.375, 10.9375],
					"texture": "#0"
				},
				"up": {
					"uv": [8.625, 1.25, 8.375, 1],
					"texture": "#0"
				},
				"down": {
					"uv": [1.625, 8.375, 1.375, 8.625],
					"texture": "#0"
				}
			}
		},
		{
			"from": [5.9853, 0, 6.4087],
			"to": [9.9853, 4, 9.5913],
			"rotation": {
				"angle": 22.5,
				"axis": "x",
				"origin": [23.9853, 8, 8]
			},
			"faces": {
				"north": {
					"uv": [8.375, 1.375, 8.625, 1.625],
					"texture": "#0"
				},
				"east": {
					"uv": [11.125, 11.125, 11.3125, 11.375],
					"texture": "#0"
				},
				"south": {
					"uv": [1.75, 8.375, 2, 8.625],
					"texture": "#0"
				},
				"west": {
					"uv": [4.125, 11.25, 4.3125, 11.5],
					"texture": "#0"
				},
				"up": {
					"uv": [11.5, 4.3125, 11.25, 4.125],
					"texture": "#0"
				},
				"down": {
					"uv": [4.75, 11.25, 4.5, 11.4375],
					"texture": "#0"
				}
			}
		},
		{
			"from": [7.4853, 3, 3],
			"to": [8.9853, 13, 13],
			"rotation": {
				"angle": 0,
				"axis": "y",
				"origin": [23.9853, 8, 8]
			},
			"faces": {
				"north": {
					"uv": [8.875, 9, 8.96875, 9.625],
					"texture": "#0"
				},
				"east": {
					"uv": [4.25, 0, 4.875, 0.625],
					"texture": "#0"
				},
				"south": {
					"uv": [0, 9.125, 0.09375, 9.75],
					"texture": "#0"
				},
				"west": {
					"uv": [0.75, 4.5, 1.375, 5.125],
					"texture": "#0"
				},
				"up": {
					"uv": [9.21875, 1.375, 9.125, 0.75],
					"texture": "#0"
				},
				"down": {
					"uv": [1.21875, 9.125, 1.125, 9.75],
					"texture": "#0"
				}
			}
		},
		{
			"from": [5.9853, 6.4087, 12],
			"to": [9.9853, 9.5913, 16],
			"rotation": {
				"angle": -22.5,
				"axis": "x",
				"origin": [23.9853, 8, 8]
			},
			"faces": {
				"north": {
					"uv": [11.25, 4.5, 11.5, 4.6875],
					"texture": "#0"
				},
				"east": {
					"uv": [11.25, 6.75, 11.5, 6.9375],
					"texture": "#0"
				},
				"south": {
					"uv": [11.25, 7.125, 11.5, 7.3125],
					"texture": "#0"
				},
				"west": {
					"uv": [7.25, 11.25, 7.5, 11.4375],
					"texture": "#0"
				},
				"up": {
					"uv": [8.625, 2, 8.375, 1.75],
					"texture": "#0"
				},
				"down": {
					"uv": [2.375, 8.375, 2.125, 8.625],
					"texture": "#0"
				}
			}
		},
		{
			"from": [5.9833, 6.4087, 12],
			"to": [9.9873, 9.5913, 16],
			"rotation": {
				"angle": -45,
				"axis": "x",
				"origin": [23.9853, 8, 8]
			},
			"faces": {
				"north": {
					"uv": [8.125, 11.25, 8.375, 11.4375],
					"texture": "#0"
				},
				"east": {
					"uv": [11.25, 8.625, 11.5, 8.8125],
					"texture": "#0"
				},
				"south": {
					"uv": [8.875, 11.25, 9.125, 11.4375],
					"texture": "#0"
				},
				"west": {
					"uv": [11.25, 9, 11.5, 9.1875],
					"texture": "#0"
				},
				"up": {
					"uv": [8.625, 3, 8.375, 2.75],
					"texture": "#0"
				},
				"down": {
					"uv": [8.625, 3.125, 8.375, 3.375],
					"texture": "#0"
				}
			}
		},
		{
			"from": [5.9853, 12, 6.4087],
			"to": [9.9853, 16, 9.5913],
			"rotation": {
				"angle": 22.5,
				"axis": "x",
				"origin": [23.9853, 8, 8]
			},
			"faces": {
				"north": {
					"uv": [6, 8.375, 6.25, 8.625],
					"texture": "#0"
				},
				"east": {
					"uv": [11.25, 9.375, 11.4375, 9.625],
					"texture": "#0"
				},
				"south": {
					"uv": [8.375, 6.875, 8.625, 7.125],
					"texture": "#0"
				},
				"west": {
					"uv": [11.25, 9.75, 11.4375, 10],
					"texture": "#0"
				},
				"up": {
					"uv": [11.625, 0.1875, 11.375, 0],
					"texture": "#0"
				},
				"down": {
					"uv": [11.625, 0.375, 11.375, 0.5625],
					"texture": "#0"
				}
			}
		}
	]
}