{
	"textures": {
		"0": "animated_java:item/buggy/buggy"
	},
	"display": {
		"head": {
			"rotation": [0, 180, 0]
		}
	},
	"elements": [
		{
			"from": [5.9833, 12, 6.4087],
			"to": [9.9873, 16, 9.5913],
			"rotation": {
				"angle": 0,
				"axis": "y",
				"origin": [23.9853, 8, 8]
			},
			"faces": {
				"north": {
					"uv": [7.75, 4.5, 8, 4.75],
					"texture": "#0"
				},
				"east": {
					"uv": [4.25, 10.5, 4.4375, 10.75],
					"texture": "#0"
				},
				"south": {
					"uv": [7.75, 4.875, 8, 5.125],
					"texture": "#0"
				},
				"west": {
					"uv": [10.5, 4.5, 10.6875, 4.75],
					"texture": "#0"
				},
				"up": {
					"uv": [4.875, 10.6875, 4.625, 10.5],
					"texture": "#0"
				},
				"down": {
					"uv": [10.75, 7, 10.5, 7.1875],
					"texture": "#0"
				}
			}
		},
		{
			"from": [5.9853, 12, 6.4087],
			"to": [9.9853, 16, 9.5913],
			"rotation": {
				"angle": -22.5,
				"axis": "x",
				"origin": [23.9853, 8, 8]
			},
			"faces": {
				"north": {
					"uv": [7.75, 5.25, 8, 5.5],
					"texture": "#0"
				},
				"east": {
					"uv": [7.375, 10.5, 7.5625, 10.75],
					"texture": "#0"
				},
				"south": {
					"uv": [7.75, 5.625, 8, 5.875],
					"texture": "#0"
				},
				"west": {
					"uv": [10.5, 7.375, 10.6875, 7.625],
					"texture": "#0"
				},
				"up": {
					"uv": [8.375, 10.6875, 8.125, 10.5],
					"texture": "#0"
				},
				"down": {
					"uv": [9.375, 10.5, 9.125, 10.6875],
					"texture": "#0"
				}
			}
		},
		{
			"from": [5.9833, 12, 6.4087],
			"to": [9.9873, 16, 9.5913],
			"rotation": {
				"angle": -45,
				"axis": "x",
				"origin": [23.9853, 8, 8]
			},
			"faces": {
				"north": {
					"uv": [7.75, 6, 8, 6.25],
					"texture": "#0"
				},
				"east": {
					"uv": [10.5, 9.125, 10.6875, 9.375],
					"texture": "#0"
				},
				"south": {
					"uv": [7.75, 6.375, 8, 6.625],
					"texture": "#0"
				},
				"west": {
					"uv": [10.5, 9.5, 10.6875, 9.75],
					"texture": "#0"
				},
				"up": {
					"uv": [10.75, 10.0625, 10.5, 9.875],
					"texture": "#0"
				},
				"down": {
					"uv": [10.75, 10.25, 10.5, 10.4375],
					"texture": "#0"
				}
			}
		},
		{
			"from": [5.9853, 6.4087, 0],
			"to": [9.9853, 9.5913, 4],
			"rotation": {
				"angle": 22.5,
				"axis": "x",
				"origin": [23.9853, 8, 8]
			},
			"faces": {
				"north": {
					"uv": [10.625, 0, 10.875, 0.1875],
					"texture": "#0"
				},
				"east": {
					"uv": [10.625, 0.375, 10.875, 0.5625],
					"texture": "#0"
				},
				"south": {
					"uv": [10.625, 0.75, 10.875, 0.9375],
					"texture": "#0"
				},
				"west": {
					"uv": [0.875, 10.625, 1.125, 10.8125],
					"texture": "#0"
				},
				"up": {
					"uv": [8, 7, 7.75, 6.75],
					"texture": "#0"
				},
				"down": {
					"uv": [7.125, 7.75, 6.875, 8],
					"texture": "#0"
				}
			}
		},
		{
			"from": [5.9833, 6.4087, 0],
			"to": [9.9873, 9.5913, 4],
			"rotation": {
				"angle": 0,
				"axis": "y",
				"origin": [23.9853, 8, 8]
			},
			"faces": {
				"north": {
					"uv": [10.625, 1.125, 10.875, 1.3125],
					"texture": "#0"
				},
				"east": {
					"uv": [1.25, 10.625, 1.5, 10.8125],
					"texture": "#0"
				},
				"south": {
					"uv": [10.625, 1.5, 10.875, 1.6875],
					"texture": "#0"
				},
				"west": {
					"uv": [1.625, 10.625, 1.875, 10.8125],
					"texture": "#0"
				},
				"up": {
					"uv": [7.5, 8, 7.25, 7.75],
					"texture": "#0"
				},
				"down": {
					"uv": [8.125, 0, 7.875, 0.25],
					"texture": "#0"
				}
			}
		},
		{
			"from": [5.9833, 0, 6.4087],
			"to": [9.9873, 4, 9.5913],
			"rotation": {
				"angle": 0,
				"axis": "y",
				"origin": [23.9853, 8, 8]
			},
			"faces": {
				"north": {
					"uv": [7.875, 0.375, 8.125, 0.625],
					"texture": "#0"
				},
				"east": {
					"uv": [2, 10.625, 2.1875, 10.875],
					"texture": "#0"
				},
				"south": {
					"uv": [0.75, 7.875, 1, 8.125],
					"texture": "#0"
				},
				"west": {
					"uv": [2.375, 10.625, 2.5625, 10.875],
					"texture": "#0"
				},
				"up": {
					"uv": [10.875, 2.8125, 10.625, 2.625],
					"texture": "#0"
				},
				"down": {
					"uv": [3, 10.625, 2.75, 10.8125],
					"texture": "#0"
				}
			}
		},
		{
			"from": [5.9853, 0, 6.4087],
			"to": [9.9853, 4, 9.5913],
			"rotation": {
				"angle": -22.5,
				"axis": "x",
				"origin": [23.9853, 8, 8]
			},
			"faces": {
				"north": {
					"uv": [1.125, 7.875, 1.375, 8.125],
					"texture": "#0"
				},
				"east": {
					"uv": [10.625, 3, 10.8125, 3.25],
					"texture": "#0"
				},
				"south": {
					"uv": [7.875, 2.125, 8.125, 2.375],
					"texture": "#0"
				},
				"west": {
					"uv": [3.125, 10.625, 3.3125, 10.875],
					"texture": "#0"
				},
				"up": {
					"uv": [10.875, 3.5625, 10.625, 3.375],
					"texture": "#0"
				},
				"down": {
					"uv": [3.75, 10.625, 3.5, 10.8125],
					"texture": "#0"
				}
			}
		},
		{
			"from": [5.9833, 0, 6.4087],
			"to": [9.9873, 4, 9.5913],
			"rotation": {
				"angle": -45,
				"axis": "x",
				"origin": [23.9853, 8, 8]
			},
			"faces": {
				"north": {
					"uv": [2.75, 7.875, 3, 8.125],
					"texture": "#0"
				},
				"east": {
					"uv": [10.625, 3.75, 10.8125, 4],
					"texture": "#0"
				},
				"south": {
					"uv": [3.125, 7.875, 3.375, 8.125],
					"texture": "#0"
				},
				"west": {
					"uv": [3.875, 10.625, 4.0625, 10.875],
					"texture": "#0"
				},
				"up": {
					"uv": [10.875, 5.0625, 10.625, 4.875],
					"texture": "#0"
				},
				"down": {
					"uv": [10.875, 5.25, 10.625, 5.4375],
					"texture": "#0"
				}
			}
		},
		{
			"from": [5.9853, 6.4087, 12],
			"to": [9.9853, 9.5913, 16],
			"rotation": {
				"angle": 22.5,
				"axis": "x",
				"origin": [23.9853, 8, 8]
			},
			"faces": {
				"north": {
					"uv": [10.625, 5.625, 10.875, 5.8125],
					"texture": "#0"
				},
				"east": {
					"uv": [10.625, 6, 10.875, 6.1875],
					"texture": "#0"
				},
				"south": {
					"uv": [10.625, 6.375, 10.875, 6.5625],
					"texture": "#0"
				},
				"west": {
					"uv": [6.625, 10.625, 6.875, 10.8125],
					"texture": "#0"
				},
				"up": {
					"uv": [3.75, 8.125, 3.5, 7.875],
					"texture": "#0"
				},
				"down": {
					"uv": [4.125, 7.875, 3.875, 8.125],
					"texture": "#0"
				}
			}
		},
		{
			"from": [5.9833, 6.4087, 12],
			"to": [9.9873, 9.5913, 16],
			"rotation": {
				"angle": 0,
				"axis": "y",
				"origin": [23.9853, 8, 8]
			},
			"faces": {
				"north": {
					"uv": [10.625, 7.75, 10.875, 7.9375],
					"texture": "#0"
				},
				"east": {
					"uv": [10.625, 8.125, 10.875, 8.3125],
					"texture": "#0"
				},
				"south": {
					"uv": [10.625, 8.5, 10.875, 8.6875],
					"texture": "#0"
				},
				"west": {
					"uv": [9.5, 10.625, 9.75, 10.8125],
					"texture": "#0"
				},
				"up": {
					"uv": [4.5, 8.125, 4.25, 7.875],
					"texture": "#0"
				},
				"down": {
					"uv": [4.875, 7.875, 4.625, 8.125],
					"texture": "#0"
				}
			}
		},
		{
			"from": [5.9853, 6.4087, 0],
			"to": [9.9853, 9.5913, 4],
			"rotation": {
				"angle": -22.5,
				"axis": "x",
				"origin": [23.9853, 8, 8]
			},
			"faces": {
				"north": {
					"uv": [9.875, 10.625, 10.125, 10.8125],
					"texture": "#0"
				},
				"east": {
					"uv": [10.25, 10.625, 10.5, 10.8125],
					"texture": "#0"
				},
				"south": {
					"uv": [10.625, 10.625, 10.875, 10.8125],
					"texture": "#0"
				},
				"west": {
					"uv": [0, 10.75, 0.25, 10.9375],
					"texture": "#0"
				},
				"up": {
					"uv": [5.25, 8.125, 5, 7.875],
					"texture": "#0"
				},
				"down": {
					"uv": [5.625, 7.875, 5.375, 8.125],
					"texture": "#0"
				}
			}
		},
		{
			"from": [5.9833, 6.4087, 0],
			"to": [9.9873, 9.5913, 4],
			"rotation": {
				"angle": -45,
				"axis": "x",
				"origin": [23.9853, 8, 8]
			},
			"faces": {
				"north": {
					"uv": [0.375, 10.75, 0.625, 10.9375],
					"texture": "#0"
				},
				"east": {
					"uv": [10.75, 1.875, 11, 2.0625],
					"texture": "#0"
				},
				"south": {
					"uv": [10.75, 2.25, 11, 2.4375],
					"texture": "#0"
				},
				"west": {
					"uv": [5, 10.75, 5.25, 10.9375],
					"texture": "#0"
				},
				"up": {
					"uv": [6, 8.125, 5.75, 7.875],
					"texture": "#0"
				},
				"down": {
					"uv": [6.75, 7.875, 6.5, 8.125],
					"texture": "#0"
				}
			}
		},
		{
			"from": [5.9853, 0, 6.4087],
			"to": [9.9853, 4, 9.5913],
			"rotation": {
				"angle": 22.5,
				"axis": "x",
				"origin": [23.9853, 8, 8]
			},
			"faces": {
				"north": {
					"uv": [1.5, 8, 1.75, 8.25],
					"texture": "#0"
				},
				"east": {
					"uv": [5.375, 10.75, 5.5625, 11],
					"texture": "#0"
				},
				"south": {
					"uv": [1.875, 8, 2.125, 8.25],
					"texture": "#0"
				},
				"west": {
					"uv": [5.75, 10.75, 5.9375, 11],
					"texture": "#0"
				},
				"up": {
					"uv": [6.375, 10.9375, 6.125, 10.75],
					"texture": "#0"
				},
				"down": {
					"uv": [7.25, 10.75, 7, 10.9375],
					"texture": "#0"
				}
			}
		},
		{
			"from": [5.9853, 6.4087, 12],
			"to": [9.9853, 9.5913, 16],
			"rotation": {
				"angle": -22.5,
				"axis": "x",
				"origin": [23.9853, 8, 8]
			},
			"faces": {
				"north": {
					"uv": [7.75, 10.75, 8, 10.9375],
					"texture": "#0"
				},
				"east": {
					"uv": [8.5, 10.75, 8.75, 10.9375],
					"texture": "#0"
				},
				"south": {
					"uv": [10.875, 4.125, 11.125, 4.3125],
					"texture": "#0"
				},
				"west": {
					"uv": [4.25, 10.875, 4.5, 11.0625],
					"texture": "#0"
				},
				"up": {
					"uv": [2.5, 8.25, 2.25, 8],
					"texture": "#0"
				},
				"down": {
					"uv": [6.375, 8, 6.125, 8.25],
					"texture": "#0"
				}
			}
		},
		{
			"from": [5.9833, 6.4087, 12],
			"to": [9.9873, 9.5913, 16],
			"rotation": {
				"angle": -45,
				"axis": "x",
				"origin": [23.9853, 8, 8]
			},
			"faces": {
				"north": {
					"uv": [10.875, 4.5, 11.125, 4.6875],
					"texture": "#0"
				},
				"east": {
					"uv": [4.625, 10.875, 4.875, 11.0625],
					"texture": "#0"
				},
				"south": {
					"uv": [10.875, 6.75, 11.125, 6.9375],
					"texture": "#0"
				},
				"west": {
					"uv": [10.875, 7.125, 11.125, 7.3125],
					"texture": "#0"
				},
				"up": {
					"uv": [8.25, 7.375, 8, 7.125],
					"texture": "#0"
				},
				"down": {
					"uv": [8.25, 7.5, 8, 7.75],
					"texture": "#0"
				}
			}
		},
		{
			"from": [5.9853, 12, 6.4087],
			"to": [9.9853, 16, 9.5913],
			"rotation": {
				"angle": 22.5,
				"axis": "x",
				"origin": [23.9853, 8, 8]
			},
			"faces": {
				"north": {
					"uv": [7.625, 8, 7.875, 8.25],
					"texture": "#0"
				},
				"east": {
					"uv": [7.375, 10.875, 7.5625, 11.125],
					"texture": "#0"
				},
				"south": {
					"uv": [8, 7.875, 8.25, 8.125],
					"texture": "#0"
				},
				"west": {
					"uv": [8.125, 10.875, 8.3125, 11.125],
					"texture": "#0"
				},
				"up": {
					"uv": [9.125, 11.0625, 8.875, 10.875],
					"texture": "#0"
				},
				"down": {
					"uv": [11.125, 8.875, 10.875, 9.0625],
					"texture": "#0"
				}
			}
		},
		{
			"from": [7.4853, 3, 3],
			"to": [8.9853, 13, 13],
			"rotation": {
				"angle": 0,
				"axis": "y",
				"origin": [23.9853, 8, 8]
			},
			"faces": {
				"north": {
					"uv": [6.5, 9, 6.59375, 9.625],
					"texture": "#0"
				},
				"east": {
					"uv": [4.25, 0, 4.875, 0.625],
					"texture": "#0"
				},
				"south": {
					"uv": [9, 7.25, 9.09375, 7.875],
					"texture": "#0"
				},
				"west": {
					"uv": [4.375, 4.125, 5, 4.75],
					"texture": "#0"
				},
				"up": {
					"uv": [8.09375, 9.625, 8, 9],
					"texture": "#0"
				},
				"down": {
					"uv": [8.71875, 9, 8.625, 9.625],
					"texture": "#0"
				}
			}
		}
	]
}