{
	"elements": [
		{
			"name": "boots_0",
			"from": [4, 5, 7.5],
			"to": [7, 13, 8.5],
			"rotation": {"angle": 0, "axis": "y", "origin": [0, 0, 7.5]},
			"faces": {
				"north": {"uv": [7, 3, 4, 11], "texture": "#0"},
				"east": {"uv": [6, 3, 7, 11], "texture": "#0"},
				"south": {"uv": [4, 3, 7, 11], "texture": "#0"},
				"west": {"uv": [4, 3, 5, 11], "texture": "#0"},
				"up": {"uv": [4, 3, 7, 4], "texture": "#0"},
				"down": {"uv": [4, 10, 7, 11], "texture": "#0"}
			}
		},
		{
			"name": "boots_1",
			"from": [9, 5, 7.5],
			"to": [12, 13, 8.5],
			"rotation": {"angle": 0, "axis": "y", "origin": [0, 0, 7.5]},
			"faces": {
				"north": {"uv": [12, 3, 9, 11], "texture": "#0"},
				"east": {"uv": [11, 3, 12, 11], "texture": "#0"},
				"south": {"uv": [9, 3, 12, 11], "texture": "#0"},
				"west": {"uv": [9, 3, 10, 11], "texture": "#0"},
				"up": {"uv": [9, 3, 12, 4], "texture": "#0"},
				"down": {"uv": [9, 10, 12, 11], "texture": "#0"}
			}
		},
		{
			"name": "boots_2",
			"from": [3, 3, 7.5],
			"to": [4, 12, 8.5],
			"rotation": {"angle": 0, "axis": "y", "origin": [0, 0, 7.5]},
			"faces": {
				"north": {"uv": [4, 4, 3, 13], "texture": "#0"},
				"east": {"uv": [3, 4, 4, 13], "texture": "#0"},
				"south": {"uv": [3, 4, 4, 13], "texture": "#0"},
				"west": {"uv": [3, 4, 4, 13], "texture": "#0"},
				"up": {"uv": [3, 4, 4, 5], "texture": "#0"},
				"down": {"uv": [3, 12, 4, 13], "texture": "#0"}
			}
		},
		{
			"name": "boots_3",
			"from": [12, 3, 7.5],
			"to": [13, 12, 8.5],
			"rotation": {"angle": 0, "axis": "y", "origin": [0, 0, 7.5]},
			"faces": {
				"north": {"uv": [13, 4, 12, 13], "texture": "#0"},
				"east": {"uv": [12, 4, 13, 13], "texture": "#0"},
				"south": {"uv": [12, 4, 13, 13], "texture": "#0"},
				"west": {"uv": [12, 4, 13, 13], "texture": "#0"},
				"up": {"uv": [12, 4, 13, 5], "texture": "#0"},
				"down": {"uv": [12, 12, 13, 13], "texture": "#0"}
			}
		},
		{
			"name": "boots_4",
			"from": [2, 3, 7.5],
			"to": [3, 7, 8.5],
			"rotation": {"angle": 0, "axis": "y", "origin": [0, 0, 7.5]},
			"faces": {
				"north": {"uv": [3, 9, 2, 13], "texture": "#0"},
				"east": {"uv": [2, 9, 3, 13], "texture": "#0"},
				"south": {"uv": [2, 9, 3, 13], "texture": "#0"},
				"west": {"uv": [2, 9, 3, 13], "texture": "#0"},
				"up": {"uv": [2, 9, 3, 10], "texture": "#0"},
				"down": {"uv": [2, 12, 3, 13], "texture": "#0"}
			}
		},
		{
			"name": "boots_5",
			"from": [13, 3, 7.5],
			"to": [14, 7, 8.5],
			"rotation": {"angle": 0, "axis": "y", "origin": [0, 0, 7.5]},
			"faces": {
				"north": {"uv": [14, 9, 13, 13], "texture": "#0"},
				"east": {"uv": [13, 9, 14, 13], "texture": "#0"},
				"south": {"uv": [13, 9, 14, 13], "texture": "#0"},
				"west": {"uv": [13, 9, 14, 13], "texture": "#0"},
				"up": {"uv": [13, 9, 14, 10], "texture": "#0"},
				"down": {"uv": [13, 12, 14, 13], "texture": "#0"}
			}
		},
		{
			"name": "boots_6",
			"from": [1, 3, 7.5],
			"to": [2, 6, 8.5],
			"rotation": {"angle": 0, "axis": "y", "origin": [0, 0, 7.5]},
			"faces": {
				"north": {"uv": [2, 10, 1, 13], "texture": "#0"},
				"east": {"uv": [1, 10, 2, 13], "texture": "#0"},
				"south": {"uv": [1, 10, 2, 13], "texture": "#0"},
				"west": {"uv": [1, 10, 2, 13], "texture": "#0"},
				"up": {"uv": [1, 10, 2, 11], "texture": "#0"},
				"down": {"uv": [1, 12, 2, 13], "texture": "#0"}
			}
		},
		{
			"name": "boots_7",
			"from": [14, 3, 7.5],
			"to": [15, 6, 8.5],
			"rotation": {"angle": 0, "axis": "y", "origin": [0, 0, 7.5]},
			"faces": {
				"north": {"uv": [15, 10, 14, 13], "texture": "#0"},
				"east": {"uv": [14, 10, 15, 13], "texture": "#0"},
				"south": {"uv": [14, 10, 15, 13], "texture": "#0"},
				"west": {"uv": [14, 10, 15, 13], "texture": "#0"},
				"up": {"uv": [14, 10, 15, 11], "texture": "#0"},
				"down": {"uv": [14, 12, 15, 13], "texture": "#0"}
			}
		},
		{
			"name": "boots_8",
			"from": [4, 4, 7.5],
			"to": [6, 5, 8.5],
			"rotation": {"angle": 0, "axis": "y", "origin": [0, 0, 7.5]},
			"faces": {
				"north": {"uv": [6, 11, 4, 12], "texture": "#0"},
				"east": {"uv": [5, 11, 6, 12], "texture": "#0"},
				"south": {"uv": [4, 11, 6, 12], "texture": "#0"},
				"west": {"uv": [4, 11, 5, 12], "texture": "#0"},
				"up": {"uv": [4, 11, 6, 12], "texture": "#0"},
				"down": {"uv": [4, 11, 6, 12], "texture": "#0"}
			}
		},
		{
			"name": "boots_9",
			"from": [10, 4, 7.5],
			"to": [12, 5, 8.5],
			"rotation": {"angle": 0, "axis": "y", "origin": [0, 0, 7.5]},
			"faces": {
				"north": {"uv": [12, 11, 10, 12], "texture": "#0"},
				"east": {"uv": [11, 11, 12, 12], "texture": "#0"},
				"south": {"uv": [10, 11, 12, 12], "texture": "#0"},
				"west": {"uv": [10, 11, 11, 12], "texture": "#0"},
				"up": {"uv": [10, 11, 12, 12], "texture": "#0"},
				"down": {"uv": [10, 11, 12, 12], "texture": "#0"}
			}
		},
		{
			"name": "boots_10",
			"from": [4, 3, 7.5],
			"to": [5, 4, 8.5],
			"rotation": {"angle": 0, "axis": "y", "origin": [0, 0, 7.5]},
			"faces": {
				"north": {"uv": [5, 12, 4, 13], "texture": "#0"},
				"east": {"uv": [4, 12, 5, 13], "texture": "#0"},
				"south": {"uv": [4, 12, 5, 13], "texture": "#0"},
				"west": {"uv": [4, 12, 5, 13], "texture": "#0"},
				"up": {"uv": [4, 12, 5, 13], "texture": "#0"},
				"down": {"uv": [4, 12, 5, 13], "texture": "#0"}
			}
		},
		{
			"name": "boots_11",
			"from": [11, 3, 7.5],
			"to": [12, 4, 8.5],
			"rotation": {"angle": 0, "axis": "y", "origin": [0, 0, 7.5]},
			"faces": {
				"north": {"uv": [12, 12, 11, 13], "texture": "#0"},
				"east": {"uv": [11, 12, 12, 13], "texture": "#0"},
				"south": {"uv": [11, 12, 12, 13], "texture": "#0"},
				"west": {"uv": [11, 12, 12, 13], "texture": "#0"},
				"up": {"uv": [11, 12, 12, 13], "texture": "#0"},
				"down": {"uv": [11, 12, 12, 13], "texture": "#0"}
			}
		}
	],
	"gui_light": "front",
	"display": {
		"thirdperson_righthand": {
			"translation": [0, 3, 1],
			"scale": [0.55, 0.55, 0.55]
		},
		"thirdperson_lefthand": {
			"translation": [0, 3, 1],
			"scale": [0.55, 0.55, 0.55]
		},
		"firstperson_righthand": {
			"rotation": [0, -90, 25],
			"translation": [1.13, 3.2, 1.13],
			"scale": [0.68, 0.68, 0.68]
		},
		"firstperson_lefthand": {
			"rotation": [0, -90, 25],
			"translation": [1.13, 3.2, 1.13],
			"scale": [0.68, 0.68, 0.68]
		},
		"ground": {
			"translation": [0, 2, 0],
			"scale": [0.5, 0.5, 0.5]
		},
		"head": {
			"rotation": [0, 180, 0],
			"translation": [0, 13, 7]
		},
		"fixed": {
			"rotation": [0, 180, 0]
		}
	},
	"groups": [
		{
			"name": "boots",
			"origin": [8, 8, 15.5],
			"color": 0,
			"children": [0, 1, 2, 3, 4, 5, 6, 7, 8, 9, 10, 11]
		}
	]
}