{
	"elements": [
		{
			"name": "chestplate_0",
			"from": [1, 2, 7.5],
			"to": [6, 14, 8.5],
			"rotation": {"angle": 0, "axis": "y", "origin": [0, 0, 7.5]},
			"faces": {
				"north": {"uv": [6, 2, 1, 14], "texture": "#0"},
				"east": {"uv": [5, 2, 6, 14], "texture": "#0"},
				"south": {"uv": [1, 2, 6, 14], "texture": "#0"},
				"west": {"uv": [1, 2, 2, 14], "texture": "#0"},
				"up": {"uv": [1, 2, 6, 3], "texture": "#0"},
				"down": {"uv": [1, 13, 6, 14], "texture": "#0"}
			}
		},
		{
			"name": "chestplate_1",
			"from": [10, 2, 7.5],
			"to": [15, 14, 8.5],
			"rotation": {"angle": 0, "axis": "y", "origin": [0, 0, 7.5]},
			"faces": {
				"north": {"uv": [15, 2, 10, 14], "texture": "#0"},
				"east": {"uv": [14, 2, 15, 14], "texture": "#0"},
				"south": {"uv": [10, 2, 15, 14], "texture": "#0"},
				"west": {"uv": [10, 2, 11, 14], "texture": "#0"},
				"up": {"uv": [10, 2, 15, 3], "texture": "#0"},
				"down": {"uv": [10, 13, 15, 14], "texture": "#0"}
			}
		},
		{
			"name": "chestplate_2",
			"from": [6, 2, 7.5],
			"to": [7, 13, 8.5],
			"rotation": {"angle": 0, "axis": "y", "origin": [0, 0, 7.5]},
			"faces": {
				"north": {"uv": [7, 3, 6, 14], "texture": "#0"},
				"east": {"uv": [6, 3, 7, 14], "texture": "#0"},
				"south": {"uv": [6, 3, 7, 14], "texture": "#0"},
				"west": {"uv": [6, 3, 7, 14], "texture": "#0"},
				"up": {"uv": [6, 3, 7, 4], "texture": "#0"},
				"down": {"uv": [6, 13, 7, 14], "texture": "#0"}
			}
		},
		{
			"name": "chestplate_3",
			"from": [9, 2, 7.5],
			"to": [10, 13, 8.5],
			"rotation": {"angle": 0, "axis": "y", "origin": [0, 0, 7.5]},
			"faces": {
				"north": {"uv": [10, 3, 9, 14], "texture": "#0"},
				"east": {"uv": [9, 3, 10, 14], "texture": "#0"},
				"south": {"uv": [9, 3, 10, 14], "texture": "#0"},
				"west": {"uv": [9, 3, 10, 14], "texture": "#0"},
				"up": {"uv": [9, 3, 10, 4], "texture": "#0"},
				"down": {"uv": [9, 13, 10, 14], "texture": "#0"}
			}
		},
		{
			"name": "chestplate_4",
			"from": [7, 2, 7.5],
			"to": [9, 12, 8.5],
			"rotation": {"angle": 0, "axis": "y", "origin": [0, 0, 7.5]},
			"faces": {
				"north": {"uv": [9, 4, 7, 14], "texture": "#0"},
				"east": {"uv": [8, 4, 9, 14], "texture": "#0"},
				"south": {"uv": [7, 4, 9, 14], "texture": "#0"},
				"west": {"uv": [7, 4, 8, 14], "texture": "#0"},
				"up": {"uv": [7, 4, 9, 5], "texture": "#0"},
				"down": {"uv": [7, 13, 9, 14], "texture": "#0"}
			}
		},
		{
			"name": "chestplate_5",
			"from": [2, 1, 7.5],
			"to": [5, 2, 8.5],
			"rotation": {"angle": 0, "axis": "y", "origin": [0, 0, 7.5]},
			"faces": {
				"north": {"uv": [5, 14, 2, 15], "texture": "#0"},
				"east": {"uv": [4, 14, 5, 15], "texture": "#0"},
				"south": {"uv": [2, 14, 5, 15], "texture": "#0"},
				"west": {"uv": [2, 14, 3, 15], "texture": "#0"},
				"up": {"uv": [2, 14, 5, 15], "texture": "#0"},
				"down": {"uv": [2, 14, 5, 15], "texture": "#0"}
			}
		},
		{
			"name": "chestplate_6",
			"from": [11, 1, 7.5],
			"to": [14, 2, 8.5],
			"rotation": {"angle": 0, "axis": "y", "origin": [0, 0, 7.5]},
			"faces": {
				"north": {"uv": [14, 14, 11, 15], "texture": "#0"},
				"east": {"uv": [13, 14, 14, 15], "texture": "#0"},
				"south": {"uv": [11, 14, 14, 15], "texture": "#0"},
				"west": {"uv": [11, 14, 12, 15], "texture": "#0"},
				"up": {"uv": [11, 14, 14, 15], "texture": "#0"},
				"down": {"uv": [11, 14, 14, 15], "texture": "#0"}
			}
		}
	],
	"gui_light": "front",
	"display": {
		"thirdperson_righthand": {
			"translation": [0, 3, 1],
			"scale": [0.55, 0.55, 0.55]
		},
		"thirdperson_lefthand": {
			"translation": [0, 3, 1],
			"scale": [0.55, 0.55, 0.55]
		},
		"firstperson_righthand": {
			"rotation": [0, -90, 25],
			"translation": [1.13, 3.2, 1.13],
			"scale": [0.68, 0.68, 0.68]
		},
		"firstperson_lefthand": {
			"rotation": [0, -90, 25],
			"translation": [1.13, 3.2, 1.13],
			"scale": [0.68, 0.68, 0.68]
		},
		"ground": {
			"translation": [0, 2, 0],
			"scale": [0.5, 0.5, 0.5]
		},
		"head": {
			"rotation": [0, 180, 0],
			"translation": [0, 13, 7]
		},
		"fixed": {
			"rotation": [0, 180, 0]
		}
	},
	"groups": [
		{
			"name": "chestplate",
			"origin": [8, 8, 15.5],
			"color": 0,
			"children": [0, 1, 2, 3, 4, 5, 6]
		}
	]
}