{
	"credit": "Made with Blockbench",
	"textures": {
		"0": "expansion:items/armor/hazmat/helmet",
		"particle": "expansion:items/armor/hazmat/helmet"
	},
	"elements": [
		{
			"name": "helmet_0",
			"from": [3, 1, 0],
			"to": [13, 14, 1],
			"faces": {
				"north": {"uv": [13, 2, 3, 15], "texture": "#0"},
				"east": {"uv": [12, 2, 13, 15], "texture": "#0"},
				"south": {"uv": [3, 2, 13, 15], "texture": "#0"},
				"west": {"uv": [3, 2, 4, 15], "texture": "#0"},
				"up": {"uv": [3, 2, 13, 3], "texture": "#0"},
				"down": {"uv": [3, 14, 13, 15], "texture": "#0"}
			}
		},
		{
			"name": "helmet_1",
			"from": [2, 1, 0],
			"to": [3, 13, 1],
			"faces": {
				"north": {"uv": [3, 3, 2, 15], "texture": "#0"},
				"east": {"uv": [2, 3, 3, 15], "texture": "#0"},
				"south": {"uv": [2, 3, 3, 15], "texture": "#0"},
				"west": {"uv": [2, 3, 3, 15], "texture": "#0"},
				"up": {"uv": [2, 3, 3, 4], "texture": "#0"},
				"down": {"uv": [2, 14, 3, 15], "texture": "#0"}
			}
		},
		{
			"name": "helmet_2",
			"from": [13, 1, 0],
			"to": [14, 13, 1],
			"faces": {
				"north": {"uv": [14, 3, 13, 15], "texture": "#0"},
				"east": {"uv": [13, 3, 14, 15], "texture": "#0"},
				"south": {"uv": [13, 3, 14, 15], "texture": "#0"},
				"west": {"uv": [13, 3, 14, 15], "texture": "#0"},
				"up": {"uv": [13, 3, 14, 4], "texture": "#0"},
				"down": {"uv": [13, 14, 14, 15], "texture": "#0"}
			}
		},
		{
			"name": "helmet_3",
			"from": [1, 2, 0],
			"to": [2, 4, 1],
			"faces": {
				"north": {"uv": [2, 12, 1, 14], "texture": "#0"},
				"east": {"uv": [1, 12, 2, 14], "texture": "#0"},
				"south": {"uv": [1, 12, 2, 14], "texture": "#0"},
				"west": {"uv": [1, 12, 2, 14], "texture": "#0"},
				"up": {"uv": [1, 12, 2, 13], "texture": "#0"},
				"down": {"uv": [1, 13, 2, 14], "texture": "#0"}
			}
		},
		{
			"name": "helmet_4",
			"from": [14, 2, 0],
			"to": [15, 4, 1],
			"faces": {
				"north": {"uv": [15, 12, 14, 14], "texture": "#0"},
				"east": {"uv": [14, 12, 15, 14], "texture": "#0"},
				"south": {"uv": [14, 12, 15, 14], "texture": "#0"},
				"west": {"uv": [14, 12, 15, 14], "texture": "#0"},
				"up": {"uv": [14, 12, 15, 13], "texture": "#0"},
				"down": {"uv": [14, 13, 15, 14], "texture": "#0"}
			}
		}
	],
	"gui_light": "front",
	"display": {
		"thirdperson_righthand": {
			"translation": [0, 3, 1],
			"scale": [0.55, 0.55, 0.55]
		},
		"thirdperson_lefthand": {
			"translation": [0, 3, 1],
			"scale": [0.55, 0.55, 0.55]
		},
		"firstperson_righthand": {
			"rotation": [0, -90, 25],
			"translation": [1.13, 3.2, 1.13],
			"scale": [0.68, 0.68, 0.68]
		},
		"firstperson_lefthand": {
			"rotation": [0, -90, 25],
			"translation": [1.13, 3.2, 1.13],
			"scale": [0.68, 0.68, 0.68]
		},
		"ground": {
			"translation": [0, 2, 0],
			"scale": [0.5, 0.5, 0.5]
		},
		"head": {
			"rotation": [0, 180, 0],
			"translation": [0, 13, 7]
		},
		"fixed": {
			"rotation": [0, 180, 0]
		}
	},
	"groups": [
		{
			"name": "helmet",
			"origin": [8, 8, 8],
			"color": 0,
			"children": [0, 1, 2, 3, 4]
		}
	]
}