{
    "type": "minecraft:fishing",
    "pools": [
      {
        "rolls": 1,
        "bonus_rolls": 0,
        "entries": [
          {
            "type": "minecraft:loot_table",
            "value": "fishingrework:gameplay/fishing/water/junk",
            "weight": 10,
            "quality": -2
          },
          {
            "type": "minecraft:loot_table",
            "value": "fishingrework:gameplay/fishing/biome/a_root",
            "weight": 20,
            "quality": -2,
            "conditions": [
            {
              "condition": "minecraft:any_of",
              "terms": [
                {
                  "condition": "minecraft:location_check",
                  "predicate": {
                    "biomes": "#fishingrework:has_biome_loot"
                  }
                },
                {
                  "condition": "minecraft:location_check",
                  "predicate": {
                    "position": {
                      "y": {
                        "min": -999,
                        "max": 40
                      }
                    }
                  }
                }
              ]
            }
          ]
          },
          {
            "type": "minecraft:loot_table",
            "value": "fishingrework:gameplay/fishing/water/fish",
            "weight": 85,
            "quality": -1
          },
          {
            "type": "minecraft:loot_table",
            "value": "fishingrework:gameplay/fishing/water/treasure",
            "weight": 5,
            "quality": 2,
            "conditions": [
              {
                "condition": "minecraft:reference",
                "name": "fishingrework:is_in_open_liquid"
              }
            ]
          },
          {
            "type": "minecraft:loot_table",
            "value": "fishingrework:gameplay/fishing/water/entity",
            "weight": 15,
            "quality": 2,
            "conditions": [
              {
                "condition": "minecraft:table_bonus",
                "enchantment": "fishingrework:live_catch",
                "chances": [
                  0,
                  0.33,
                  0.66,
                  1
                ]
              },
              {
                "condition": "minecraft:reference",
                "name": "fishingrework:is_in_open_liquid"
              }
            ]
          },
          {
            "type": "minecraft:loot_table",
            "value": "fishingrework:gameplay/fishing/bounty/a_root_bounty",
            "weight": 3,
            "quality": 2,
            "conditions": [
              {
                "condition": "minecraft:table_bonus",
                "enchantment": "fishingrework:treasure_hunter",
                "chances": [
                  0,
                  0.50,
                  0.75,
                  1
                ]
              },
              {
                "condition": "minecraft:reference",
                "name": "fishingrework:is_in_open_liquid"
              }
            ]
          }
        ]
      }
    ],
    "random_sequence": "minecraft:gameplay/fishing"
  }
  